1,介護,介護,名詞,890
2,介護福祉,介護福祉,名詞,510
4,認知症,認知症,名詞,359
8,障害者,障害者,名詞,151
11,福祉,福祉,名詞,109
12,要介護,要介護,名詞,104
15,介護福祉士,介護福祉士,名詞,96
17,麻痺,麻痺,名詞,86
26,介護老人福祉施設,介護老人福祉施設,名詞,73
42,介護保険,介護保険,名詞,53
55,支援法,支援法,名詞,40
56,口腔,口腔,名詞,40
73,保険制度,保険制度,名詞,33
85,痛み,痛み,名詞,31
91,脳梗塞,脳梗塞,名詞,29
94,介護老人保健施設,介護老人保健施設,名詞,29
104,老人ホーム,老人ホーム,名詞,27
116,知的障害,知的障害,名詞,25
122,胃ろう,胃ろう,名詞,25
128,便秘,便秘,名詞,24
135,要介護認定,要介護認定,名詞,23
136,神経,神経,名詞,23
146,妄想,妄想,名詞,22
151,糖尿病,糖尿病,名詞,21
152,高齢,高齢,名詞,21
159,介護者,介護者,名詞,20
162,気管,気管,名詞,20
164,失行,失行,名詞,19
179,社会福祉士,社会福祉士,名詞,18
187,保険料,保険料,名詞,17
195,理学療法士,理学療法士,名詞,17
198,頸髄,頸髄,名詞,17
201,身体障害者手帳,身体障害者手帳,名詞,16
203,生活保護,生活保護,名詞,16
205,下痢,下痢,名詞,16
214,介護サービス,介護サービス,名詞,16
216,結腸,結腸,名詞,16
219,血管,血管,名詞,15
240,保険,保険,名詞,14
242,咽頭,咽頭,名詞,14
246,民生委員,民生委員,名詞,14
268,要支援,要支援,名詞,13
270,肺炎,肺炎,名詞,13
271,頸部,頸部,名詞,13
276,幻視,幻視,名詞,13
279,後見人,後見人,名詞,13
285,介護保険法,介護保険法,名詞,12
291,社会福祉法,社会福祉法,名詞,12
292,頭部,頭部,名詞,12
317,成年後見制度,成年後見制度,名詞,11
318,鼻腔,鼻腔,名詞,11
325,抑うつ,抑うつ,名詞,11
339,脳出血,脳出血,名詞,11
348,相談員,相談員,名詞,10
349,障害者差別,障害者差別,名詞,10
350,小脳,小脳,名詞,10
354,食道,食道,名詞,10
359,脳性麻痺,脳性麻痺,名詞,10
371,就労継続支援,就労継続支援,名詞,10
389,知的障害者,知的障害者,名詞,10
402,骨,骨,名詞,9
412,介護施設,介護施設,名詞,9
414,施設内,施設内,名詞,9
422,血圧,血圧,名詞,9
437,自閉症,自閉症,名詞,9
441,視覚障害者,視覚障害者,名詞,9
452,背中,背中,名詞,9
458,後見,後見,名詞,9
471,視覚障害,視覚障害,名詞,8
476,筋肉,筋肉,名詞,8
478,喉頭,喉頭,名詞,8
484,被保険者,被保険者,名詞,8
486,低血圧,低血圧,名詞,8
488,うつ病,うつ病,名詞,8
491,老人,老人,名詞,8
515,側頭,側頭,名詞,8
521,直腸,直腸,名詞,8
553,膀胱,膀胱,名詞,7
564,腰髄,腰髄,名詞,7
566,作業療法士,作業療法士,名詞,7
581,骨粗鬆症,骨粗鬆症,名詞,7
587,炎症,炎症,名詞,7
589,背部,背部,名詞,7
591,四肢麻痺,四肢麻痺,名詞,7
593,特別支援学校,特別支援学校,名詞,7
597,前頭,前頭,名詞,7
635,舌,舌,名詞,6
647,経鼻,経鼻,名詞,6
652,腰痛,腰痛,名詞,6
665,膝関節症,膝関節症,名詞,6
678,大腿骨,大腿骨,名詞,6
685,喉,喉,名詞,6
689,福祉事務所,福祉事務所,名詞,6
703,両足,両足,名詞,6
707,心臓,心臓,名詞,6
712,要介護者,要介護者,名詞,6
725,福祉法,福祉法,名詞,6
729,恥骨,恥骨,名詞,6
732,障害者基本法,障害者基本法,名詞,6
738,浣腸,浣腸,名詞,6
757,出血,出血,名詞,5
766,頭痛,頭痛,名詞,5
774,発達障害,発達障害,名詞,5
777,筋萎縮,筋萎縮,名詞,5
780,失語症,失語症,名詞,5
781,言語聴覚士,言語聴覚士,名詞,5
782,肺,肺,名詞,5
817,精神障害,精神障害,名詞,5
843,介護休業,介護休業,名詞,5
851,右膝,右膝,名詞,5
855,仙骨,仙骨,名詞,5
872,聴覚障害,聴覚障害,名詞,5
911,精神保健指定医,精神保健指定医,名詞,5
915,身体障害者,身体障害者,名詞,5
918,社会福祉協議会,社会福祉協議会,名詞,5
926,精神障害者,精神障害者,名詞,5
935,梗塞,梗塞,名詞,5
937,親指,親指,名詞,5
945,医療保険,医療保険,名詞,4
948,社会保険,社会保険,名詞,4
950,保険者,保険者,名詞,4
959,骨盤,骨盤,名詞,4
962,老人福祉法,老人福祉法,名詞,4
963,後期高齢者医療制度,後期高齢者医療制度,名詞,4
971,障害基礎年金,障害基礎年金,名詞,4
982,耳元,耳元,名詞,4
989,高血圧症,高血圧症,名詞,4
1034,血腫,血腫,名詞,4
1049,歯科衛生士,歯科衛生士,名詞,4
1052,足底,足底,名詞,4
1054,高血圧,高血圧,名詞,4
1073,就労定着支援,就労定着支援,名詞,4
1078,脳卒中,脳卒中,名詞,4
1095,前腕,前腕,名詞,4
1131,大脳,大脳,名詞,4
1132,口臭,口臭,名詞,4
1142,腰部,腰部,名詞,4
1156,耳介,耳介,名詞,4
1161,療育手帳,療育手帳,名詞,4
1162,言語障害,言語障害,名詞,4
1198,大胸筋,大胸筋,名詞,3
1229,腹臥位,腹臥位,名詞,3
1233,胃内,胃内,名詞,3
1245,口元,口元,名詞,3
1263,くも膜下出血,くも膜下出血,名詞,3
1289,サービス付き高齢者向け住宅,サービス付き高齢者向け住宅,名詞,3
1293,網膜症,網膜症,名詞,3
1307,水頭症,水頭症,名詞,3
1334,要介護状態,要介護状態,名詞,3
1339,歯磨き,歯磨き,名詞,3
1347,回腸,回腸,名詞,3
1383,顔色,顔色,名詞,3
1385,顔面,顔面,名詞,3
1390,両膝,両膝,名詞,3
1425,小腸,小腸,名詞,3
1430,足指,足指,名詞,3
1442,第一号被保険者,第一号被保険者,名詞,3
1443,訪問型,訪問型,名詞,3
1456,食道炎,食道炎,名詞,3
1470,頭頂,頭頂,名詞,3
1481,国民健康保険団体連合会,国民健康保険団体連合会,名詞,3
1489,上腕,上腕,名詞,3
1494,老人福祉,老人福祉,名詞,3
1497,身体障害者福祉法,身体障害者福祉法,名詞,3
1517,右肘,右肘,名詞,3
1561,中耳,中耳,名詞,3
1562,心筋,心筋,名詞,3
1572,第1号被保険者,第1号被保険者,名詞,3
1593,年金保険,年金保険,名詞,2
1594,雇用保険,雇用保険,名詞,2
1602,支援策,支援策,名詞,2
1608,僧帽筋,僧帽筋,名詞,2
1616,脳死,脳死,名詞,2
1622,肝臓,肝臓,名詞,2
1624,腎臓,腎臓,名詞,2
1694,就労移行支援,就労移行支援,名詞,2
1710,国民健康保険,国民健康保険,名詞,2
1725,肺動脈,肺動脈,名詞,2
1737,発熱,発熱,名詞,2
1768,介護休業法,介護休業法,名詞,2
1780,歯肉,歯肉,名詞,2
1784,両腕,両腕,名詞,2
1801,精神保健及び精神障害者福祉に関する法律,精神保健及び精神障害者福祉に関する法律,名詞,2
1837,訪問支援,訪問支援,名詞,2
1838,精神保健福祉士,精神保健福祉士,名詞,2
1849,舌下,舌下,名詞,2
1852,括約筋,括約筋,名詞,2
1855,肺がん,肺がん,名詞,2
1901,体格指数,体格指数,名詞,2
1902,頭皮,頭皮,名詞,2
1954,腸炎,腸炎,名詞,2
1973,舌骨,舌骨,名詞,2
1986,依存症,依存症,名詞,2
1991,側頭葉,側頭葉,名詞,2
1992,後頭葉,後頭葉,名詞,2
2000,関節症,関節症,名詞,2
2033,胸髄,胸髄,名詞,2
2038,指間,指間,名詞,2
2051,大腸がん,大腸がん,名詞,2
2060,筋ジストロフィー,筋ジストロフィー,名詞,2
2061,中脳,中脳,名詞,2
2108,外耳,外耳,名詞,2
2109,左肩,左肩,名詞,2
2113,左膝,左膝,名詞,2
2116,胸部,胸部,名詞,2
2131,精神保健福祉法,精神保健福祉法,名詞,2
2154,福祉課,福祉課,名詞,2
2171,歯周病,歯周病,名詞,2
2188,両耳,両耳,名詞,2
2199,手掌,手掌,名詞,2
2209,感染症法,感染症法,名詞,2
2211,骨格,骨格,名詞,2
2243,年金制度,年金制度,名詞,2
2248,鼻道,鼻道,名詞,2
2252,聴覚障害者,聴覚障害者,名詞,2
2254,胸骨,胸骨,名詞,2
2270,右肩,右肩,名詞,2
2297,胃がん,胃がん,名詞,1
2306,傷病手当金,傷病手当金,名詞,1
2308,出産手当金,出産手当金,名詞,1
2309,社会保険制度,社会保険制度,名詞,1
2310,労災保険,労災保険,名詞,1
2317,指定介護老人福祉施設,指定介護老人福祉施設,名詞,1
2319,相談窓口,相談窓口,名詞,1
2326,胸鎖,胸鎖,名詞,1
2330,軟口蓋,軟口蓋,名詞,1
2337,筋群,筋群,名詞,1
2357,頭位,頭位,名詞,1
2358,耳鳴り,耳鳴り,名詞,1
2372,直腸障害,直腸障害,名詞,1
2397,血栓症,血栓症,名詞,1
2426,腸骨,腸骨,名詞,1
2432,腸管,腸管,名詞,1
2433,出血性,出血性,名詞,1
2434,大腸菌,大腸菌,名詞,1
2460,背もたれ,背もたれ,名詞,1
2487,労働者災害補償保険,労働者災害補償保険,名詞,1
2488,健康保険,健康保険,名詞,1
2504,特定保健指導,特定保健指導,名詞,1
2523,血管系,血管系,名詞,1
2527,眼,眼,名詞,1
2529,流行性角結膜炎,流行性角結膜炎,名詞,1
2530,目やに,目やに,名詞,1
2540,腸閉塞,腸閉塞,名詞,1
2541,膀胱炎,膀胱炎,名詞,1
2545,不眠症,不眠症,名詞,1
2559,骨密度,骨密度,名詞,1
2560,肺活量,肺活量,名詞,1
2596,大腸炎,大腸炎,名詞,1
2629,顔写真,顔写真,名詞,1
2646,介護休暇,介護休暇,名詞,1
2671,洗口液,洗口液,名詞,1
2689,腸内,腸内,名詞,1
2708,肝,肝,名詞,1
2735,傷病補償年金,傷病補償年金,名詞,1
2736,厚生年金,厚生年金,名詞,1
2737,児童扶養手当,児童扶養手当,名詞,1
2738,特別障害,特別障害,名詞,1
2793,副腎,副腎,名詞,1
2794,耳下腺,耳下腺,名詞,1
2834,口内炎,口内炎,名詞,1
2835,眼圧,眼圧,名詞,1
2845,介護離職,介護離職,名詞,1
2874,頭上,頭上,名詞,1
2877,耳あか,耳あか,名詞,1
2888,左腕,左腕,名詞,1
2893,後頭部,後頭部,名詞,1
2899,両脚,両脚,名詞,1
2930,児童福祉法,児童福祉法,名詞,1
2931,児童発達支援管理責任者,児童発達支援管理責任者,名詞,1
2936,特別養護老人ホーム,特別養護老人ホーム,名詞,1
2949,老齢基礎年金,老齢基礎年金,名詞,1
2952,社会保険料,社会保険料,名詞,1
2971,接触感染,接触感染,名詞,1
2999,目尻,目尻,名詞,1
3000,目頭,目頭,名詞,1
3042,鼻汁,鼻汁,名詞,1
3045,歯科,歯科,名詞,1
3048,初期症状,初期症状,名詞,1
3059,筋ジス,筋ジス,名詞,1
3061,脳腫瘍,脳腫瘍,名詞,1
3063,眼底,眼底,名詞,1
3069,前頭葉,前頭葉,名詞,1
3075,無症状,無症状,名詞,1
3080,大腸,大腸,名詞,1
3123,日本年金機構,日本年金機構,名詞,1
3124,被保険者証,被保険者証,名詞,1
3162,足背,足背,名詞,1
3172,手浴,手浴,名詞,1
3219,脳波,脳波,名詞,1
3224,坐骨,坐骨,名詞,1
3235,心的外傷後ストレス障害,心的外傷後ストレス障害,名詞,1
3278,公的年金,公的年金,名詞,1
3282,支援金,支援金,名詞,1
3283,精神障害者保健福祉手帳,精神障害者保健福祉手帳,名詞,1
3286,社会保険労務士,社会保険労務士,名詞,1
3325,右手首,右手首,名詞,1
3328,腎不全,腎不全,名詞,1
3373,保険証,保険証,名詞,1
3386,口角,口角,名詞,1
3387,口唇,口唇,名詞,1
3395,心臓死,心臓死,名詞,1
3398,肺胞,肺胞,名詞,1
3466,精神保健福祉手帳,精神保健福祉手帳,名詞,1
3473,上腕二頭筋,上腕二頭筋,名詞,1
3474,関節炎,関節炎,名詞,1
3475,足趾,足趾,名詞,1
3498,腎盂,腎盂,名詞,1
3499,腎炎,腎炎,名詞,1
3509,頭蓋骨,頭蓋骨,名詞,1
3513,口座,口座,名詞,1
3525,右脳,右脳,名詞,1
3526,左脳,左脳,名詞,1
3538,胸腹,胸腹,名詞,1
3547,介護職,介護職,名詞,1
3636,指定都市,指定都市,名詞,1
3640,公正取引委員会,公正取引委員会,名詞,1
3642,感染症の予防及び感染症の患者に対する医療に関する法律,感染症の予防及び感染症の患者に対する医療に関する法律,名詞,1
3646,精神保健福祉センター,精神保健福祉センター,名詞,1
3647,年金事務所,年金事務所,名詞,1
3650,蝶形骨,蝶形骨,名詞,1
3651,頭骨,頭骨,名詞,1
3652,頬骨,頬骨,名詞,1
3653,上顎骨,上顎骨,名詞,1
3656,耳管,耳管,名詞,1
3662,神経系,神経系,名詞,1
3675,胸痛,胸痛,名詞,1
3680,軟骨,軟骨,名詞,1
3681,骨量,骨量,名詞,1
3690,発症者,発症者,名詞,1
3707,腹腔,腹腔,名詞,1
3709,腹痛,腹痛,名詞,1
3730,目元,目元,名詞,1
3746,背すじ,背すじ,名詞,1
3748,膝頭,膝頭,名詞,1
3750,膝下,膝下,名詞,1
3785,年金収入,年金収入,名詞,1
3813,障害者の雇用の促進等に関する法律,障害者の雇用の促進等に関する法律,名詞,1
3819,脳神経,脳神経,名詞,1
3820,嗅神経,嗅神経,名詞,1
3824,鼻毛,鼻毛,名詞,1
3827,毛細血管,毛細血管,名詞,1
3829,鼻孔,鼻孔,名詞,1
3831,歯髄,歯髄,名詞,1
3832,疼痛,疼痛,名詞,1
3834,歯周,歯周,名詞,1
3836,胃液,胃液,名詞,1
3848,神経性無食欲症,神経性無食欲症,名詞,1
3891,口蓋垂,口蓋垂,名詞,1
3892,消化器症状,消化器症状,名詞,1
3895,胸膜,胸膜,名詞,1
3896,胸やけ,胸やけ,名詞,1
3906,法制度,法制度,名詞,1
3908,労働者災害補償保険法,労働者災害補償保険法,名詞,1
3926,肺炎球菌,肺炎球菌,名詞,1
3945,熱中症,熱中症,名詞,1
3985,内耳,内耳,名詞,1
3986,外耳道,外耳道,名詞,1
4005,感染者,感染者,名詞,1
4011,事業場,事業場,名詞,1
4014,面接指導,面接指導,名詞,1
4053,歯垢,歯垢,名詞,1
4069,足部,足部,名詞,1
4074,足根骨,足根骨,名詞,1
4075,神経細胞,神経細胞,名詞,1
4077,殿筋,殿筋,名詞,1
4078,上腕三頭筋,上腕三頭筋,名詞,1
4081,脛骨,脛骨,名詞,1
4086,盲腸,盲腸,名詞,1
4108,掻痒症,掻痒症,名詞,1
4129,橈骨,橈骨,名詞,1
4130,拇指,拇指,名詞,1
4135,右肺,右肺,名詞,1
4140,胃底,胃底,名詞,1
4142,空腸,空腸,名詞,1
4159,継続雇用制度,継続雇用制度,名詞,1
4163,血便,血便,名詞,1

26,介護老人福祉施設,介護老人福祉施設,名詞,73
31,一人暮らし,一人暮らし,名詞,66
42,介護保険,介護保険,名詞,53
55,支援法,支援法,名詞,40
73,保険制度,保険制度,名詞,33
94,介護老人保健施設,介護老人保健施設,名詞,29
104,老人ホーム,老人ホーム,名詞,27
116,知的障害,知的障害,名詞,25
125,個別,個別,名詞,24
126,二人暮らし,二人暮らし,名詞,24
135,要介護認定,要介護認定,名詞,23
179,社会福祉士,社会福祉士,名詞,18
186,障害児,障害児,名詞,17
187,保険料,保険料,名詞,17
201,身体障害者手帳,身体障害者手帳,名詞,16
203,生活保護,生活保護,名詞,16
214,介護サービス,介護サービス,名詞,16
233,防止法,防止法,名詞,15
239,社会保障,社会保障,名詞,14
240,保険,保険,名詞,14
246,民生委員,民生委員,名詞,14
268,要支援,要支援,名詞,13
279,後見人,後見人,名詞,13
285,介護保険法,介護保険法,名詞,12
288,若年性,若年性,名詞,12
291,社会福祉法,社会福祉法,名詞,12
307,国家試験,国家試験,名詞,12
317,成年後見制度,成年後見制度,名詞,11
328,厚生労働省,厚生労働省,名詞,11
344,計画書,計画書,名詞,11
348,相談員,相談員,名詞,10
349,障害者差別,障害者差別,名詞,10
358,入所者,入所者,名詞,10
371,就労継続支援,就労継続支援,名詞,10
389,知的障害者,知的障害者,名詞,10
396,審査会,審査会,名詞,9
400,協議会,協議会,名詞,9
412,介護施設,介護施設,名詞,9
441,視覚障害者,視覚障害者,名詞,9
458,後見,後見,名詞,9
471,視覚障害,視覚障害,名詞,8
484,被保険者,被保険者,名詞,8
491,老人,老人,名詞,8
593,特別支援学校,特別支援学校,名詞,7
633,家賃,家賃,名詞,6
646,医療職,医療職,名詞,6
679,医療費,医療費,名詞,6
689,福祉事務所,福祉事務所,名詞,6
712,要介護者,要介護者,名詞,6
725,福祉法,福祉法,名詞,6
732,障害者基本法,障害者基本法,名詞,6
774,発達障害,発達障害,名詞,5
781,言語聴覚士,言語聴覚士,名詞,5
843,介護休業,介護休業,名詞,5
890,ボランティア活動,ボランティア活動,名詞,5
918,社会福祉協議会,社会福祉協議会,名詞,5
926,精神障害者,精神障害者,名詞,5
971,障害基礎年金,障害基礎年金,名詞,4
1161,療育手帳,療育手帳,名詞,4
1162,言語障害,言語障害,名詞,4
1186,世界保健機関,世界保健機関,名詞,3
1207,事業主,事業主,名詞,3
1208,道路交通法,道路交通法,名詞,3
1228,保健師,保健師,名詞,3
1234,審議会,審議会,名詞,3
1257,生活習慣病,生活習慣病,名詞,3
1289,サービス付き高齢者向け住宅,サービス付き高齢者向け住宅,名詞,3
1327,災害対策基本法,災害対策基本法,名詞,3
1334,要介護状態,要介護状態,名詞,3
1361,給付金,給付金,名詞,3
1368,特定非営利活動法人,特定非営利活動法人,名詞,3
1371,対象家族,対象家族,名詞,3
1372,利用者負担,利用者負担,名詞,3
1494,老人福祉,老人福祉,名詞,3
1497,身体障害者福祉法,身体障害者福祉法,名詞,3
1560,公共職業安定所,公共職業安定所,名詞,3
1572,第1号被保険者,第1号被保険者,名詞,3
1593,年金保険,年金保険,名詞,2
1594,雇用保険,雇用保険,名詞,2
1599,同居家族,同居家族,名詞,2
1602,支援策,支援策,名詞,2
1620,高年齢者等の雇用の安定等に関する法律,高年齢者等の雇用の安定等に関する法律,名詞,2
1694,就労移行支援,就労移行支援,名詞,2
1702,正規雇用,正規雇用,名詞,2
1710,国民健康保険,国民健康保険,名詞,2
1756,児童相談所,児童相談所,名詞,2
1768,介護休業法,介護休業法,名詞,2
1771,ストレスチェック制度,ストレスチェック制度,名詞,2
1801,精神保健及び精神障害者福祉に関する法律,精神保健及び精神障害者福祉に関する法律,名詞,2
1823,育児休業,育児休業,名詞,2
1837,訪問支援,訪問支援,名詞,2
1838,精神保健福祉士,精神保健福祉士,名詞,2
1843,厚生労働大臣,厚生労働大臣,名詞,2
1957,行政書士,行政書士,名詞,2
2002,家族構成,家族構成,名詞,2
2015,自治会,自治会,名詞,2
2020,相談所,相談所,名詞,2
2076,介護保険料,介護保険料,名詞,2
2096,性同一性障害,性同一性障害,名詞,2
2131,精神保健福祉法,精神保健福祉法,名詞,2
2154,福祉課,福祉課,名詞,2
2164,個人情報保護法,個人情報保護法,名詞,2
2228,生活様式,生活様式,名詞,2
2242,法定雇用率,法定雇用率,名詞,2
2243,年金制度,年金制度,名詞,2
2252,聴覚障害者,聴覚障害者,名詞,2
2304,育児一時金,育児一時金,名詞,1
2305,休業補償給付,休業補償給付,名詞,1
2306,傷病手当金,傷病手当金,名詞,1
2307,育児休業給付,育児休業給付,名詞,1
2308,出産手当金,出産手当金,名詞,1
2309,社会保険制度,社会保険制度,名詞,1
2310,労災保険,労災保険,名詞,1
2311,現金給付,現金給付,名詞,1
2317,指定介護老人福祉施設,指定介護老人福祉施設,名詞,1
2319,相談窓口,相談窓口,名詞,1
2320,高齢化,高齢化,名詞,1
2412,家族情報,家族情報,名詞,1
2466,制度設計,制度設計,名詞,1
2478,全世帯,全世帯,名詞,1
2479,母子世帯,母子世帯,名詞,1
2480,終身雇用,終身雇用,名詞,1
2482,雇用者数,雇用者数,名詞,1
2487,労働者災害補償保険,労働者災害補償保険,名詞,1
2488,健康保険,健康保険,名詞,1
2504,特定保健指導,特定保健指導,名詞,1
2506,利用者負担額,利用者負担額,名詞,1
2641,育児休業期間,育児休業期間,名詞,1
2643,短時間勤務制度,短時間勤務制度,名詞,1
2646,介護休暇,介護休暇,名詞,1
2735,傷病補償年金,傷病補償年金,名詞,1
2736,厚生年金,厚生年金,名詞,1
2737,児童扶養手当,児童扶養手当,名詞,1
2738,特別障害,特別障害,名詞,1
2766,認定特定非営利活動法人,認定特定非営利活動法人,名詞,1
2772,育児休業中,育児休業中,名詞,1
2833,職場適応援助者,職場適応援助者,名詞,1
2845,介護離職,介護離職,名詞,1
2930,児童福祉法,児童福祉法,名詞,1
2931,児童発達支援管理責任者,児童発達支援管理責任者,名詞,1
2939,長時間労働,長時間労働,名詞,1
2941,時間外労働,時間外労働,名詞,1
2944,正規雇用労働者,正規雇用労働者,名詞,1
2945,非正規雇用労働者,非正規雇用労働者,名詞,1
2949,老齢基礎年金,老齢基礎年金,名詞,1
2952,社会保険料,社会保険料,名詞,1
2953,給付額,給付額,名詞,1
2987,給付対象,給付対象,名詞,1
3056,職場復帰,職場復帰,名詞,1
3116,核家族,核家族,名詞,1
3123,日本年金機構,日本年金機構,名詞,1
3124,被保険者証,被保険者証,名詞,1
3125,地域社会,地域社会,名詞,1
3278,公的年金,公的年金,名詞,1
3282,支援金,支援金,名詞,1
3283,精神障害者保健福祉手帳,精神障害者保健福祉手帳,名詞,1
3286,社会保険労務士,社会保険労務士,名詞,1
3288,医療法,医療法,名詞,1
3289,医療法人,医療法人,名詞,1
3290,現物給付,現物給付,名詞,1
3373,保険証,保険証,名詞,1
3447,待機児童,待機児童,名詞,1
3458,プライバシー保護,プライバシー保護,名詞,1
3463,個人情報の保護に関する法律,個人情報の保護に関する法律,名詞,1
3466,精神保健福祉手帳,精神保健福祉手帳,名詞,1
3547,介護職,介護職,名詞,1
3559,食事介助,食事介助,名詞,1
3562,問題解決,問題解決,名詞,1
3626,社会貢献,社会貢献,名詞,1
3631,生活協同組合,生活協同組合,名詞,1
3635,共済組合,共済組合,名詞,1
3646,精神保健福祉センター,精神保健福祉センター,名詞,1
3647,年金事務所,年金事務所,名詞,1
3677,介護状態,介護状態,名詞,1
3695,法務局,法務局,名詞,1
3701,作業所,作業所,名詞,1



```python
import pandas as pd
import os

if os.path.exists('word_counts.csv'):
    df = pd.read_csv('word_counts.csv')
    
    med_words = [
        "尿失禁", "痰", "喀痰", "誤嚥", "骨折", "発作", "症候群", "感染", "物忘れ", "難聴", "失調", 
        "萎縮", "振戦", "徘徊", "褥瘡", "感染症", "せん妄", "伷塞", "不眠", "体調不良", "不全", 
        "脱水", "白癬", "動悸", "幻覚", "構音", "失認", "変形", "固縮", "発汗", "浮腫", 
        "呼吸困難", "苦痛", "嘔気", "食中毒", "失語", "眠気", "口渇", "息苦しい", "強直", "硬直", "閉塞", 
        "多動", "自傷", "緑内障", "水疱", "発赤", "疱疹", "狭窄", "疥癬", "貧血", "難病", 
        "衰弱", "亢進", "低血糖", "肥大", "喘息", "間代", "重積", "息切れ", 
        "暴言", "結核", "全盲", "精神病", "他害", "捻挫", "冷や汗", "念慮", 
        "疲れ", "充血", "白内障", "丘疹", "蕁麻疹", "潰瘍", "心不全", "夜盲", 
        "疲労感", "尿臭", "不振", "喘鳴", "咳嗽", "頻尿", "混濁", "死斑", "睡眠不足", "高血糖", 
        "病変", "不穏", "角化", "心気", "幻聴", "恐れ", "憤慨", "うつ状態", 
        "扁桃", "膨満", "軟便", "創傷", "昏睡", "立ちくらみ", 
        "不整脈", "悪心", "躁うつ", "強迫", "無気力", "尿漏れ", "微熱", "痙直", "失明", "巻き爪", 
        "爪白", "倦怠感", "傾眠", "不定愁訴", "無動", 
        "罪業", "突然死", "肥満", "ひきこもり", "無尿", "悲観", "強迫性", "健忘", "壊疽", "傷病", 
        "もの忘れ", "側弯", "軟化", "欠損", "心停止", "減弱", "低体重", "不快感", 
        "関節痛", "かすれ声", "しゃっくり", "吃逆", "熱傷", "噯気", "喪失感",
        "運動器症候群", "床ずれ", "腫れ", "湿疹", "残尿"
    ]
    
    filtered_df = df[df['原形（辞書形）'].isin(med_words)]
    
    for index, row in filtered_df.iterrows():
        print(f"{row['順位']},{row['原形（辞書形）']},{row['文章中表記']},{row['品詞']},{row['出現回数']}")
else:
    print("File not found")


```

```text
71,尿失禁,尿失禁,名詞,30
110,痰,痰,名詞,23
118,喀痰,喀痰,名詞,22
142,誤嚥,誤嚥,名詞,18
148,骨折,骨折,名詞,18
153,発作,発作,名詞,17
155,症候群,症候群,名詞,17
210,感染,感染,名詞,13
212,物忘れ,物忘れ,名詞,13
231,難聴,難聴,名詞,12
246,失調,失調,名詞,12
251,萎縮,萎縮,名詞,11
262,振戦,振戦,名詞,11
271,徘徊,徘徊,名詞,11
343,褥瘡,褥瘡,名詞,9
376,感染症,感染症,名詞,9
427,せん妄,せん妄,名詞,8
435,伷塞,伷塞,名詞,8
439,不眠,不眠,名詞,8
447,体調不良,体調不良,名詞,7
488,不全,不全,名詞,7
492,脱水,脱水,名詞,7
621,白癬,白癬,名詞,5
630,動悸,動悸,名詞,5
638,幻覚,幻覚,名詞,5
639,構音,構音,名詞,5
720,失認,失認,名詞,5
725,変形,変形,名詞,5
760,固縮,固縮,名詞,5
779,発汗,発汗,名詞,5
804,浮腫,浮腫,名詞,4
810,呼吸困難,呼吸困難,名詞,4
832,苦痛,苦痛,名詞,4
842,嘔気,嘔気,名詞,4
882,食中毒,食中毒,名詞,4
916,失語,失語,名詞,4
917,眠気,眠気,名詞,4
925,口渇,口渇,名詞,4
933,息苦しい,息苦し,形容詞,4
935,強直,強直,名詞,4
936,硬直,硬直,名詞,4
968,閉塞,閉塞,名詞,4
969,多動,多動,名詞,4
983,自傷,自傷,名詞,4
1004,緑内障,緑内障,名詞,3
1077,水疱,水疱,名詞,3
1078,発赤,発赤,名詞,3
1079,疱疹,疱疹,名詞,3
1083,狭窄,狭窄,名詞,3
1103,疥癬,疥癬,名詞,3
1107,貧血,貧血,名詞,3
1124,難病,難病,名詞,3
1140,衰弱,衰弱,名詞,3
1147,亢進,亢進,名詞,3
1180,低血糖,低血糖,名詞,3
1184,肥大,肥大,名詞,3
1207,喘息,喘息,名詞,3
1227,間代,間代,名詞,3
1228,重積,重積,名詞,3
1250,息切れ,息切れ,名詞,3
1280,暴言,暴言,名詞,3
1289,結核,結核,名詞,3
1294,全盲,全盲,名詞,3
1305,精神病,精神病,名詞,3
1319,他害,他害,名詞,3
1357,捻挫,捻挫,名詞,2
1395,冷や汗,冷や汗,名詞,2
1409,念慮,念慮,名詞,2
1416,疲れ,疲れ,名詞,2
1487,充血,充血,名詞,2
1488,白内障,白内障,名詞,2
1494,丘疹,丘疹,名詞,2
1496,蕁麻疹,蕁麻疹,名詞,2
1514,潰瘍,潰瘍,名詞,2
1547,心不全,心不全,名詞,2
1613,夜盲,夜盲,名詞,2
1631,疲労感,疲労感,名詞,2
1647,尿臭,尿臭,名詞,2
1660,不振,不振,名詞,2
1696,喘鳴,喘鳴,名詞,2
1710,咳嗽,咳嗽,名詞,2
1726,頻尿,頻尿,名詞,2
1729,混濁,混濁,名詞,2
1730,死斑,死斑（しはん）,名詞,2
1738,睡眠不足,睡眠不足,名詞,2
1777,高血糖,高血糖,名詞,2
1785,病変,病変,名詞,2
1794,不穏,不穏,名詞,2
1797,角化,角化,名詞,2
1850,心気,心気,名詞,2
1862,幻聴,幻聴,名詞,2
1863,恐れ,恐れ,名詞,2
1878,憤慨,憤慨,名詞,2
1881,うつ状態,うつ状態,名詞,2
1917,扁桃,扁桃,名詞,2
1956,膨満,膨満,名詞,2
1978,軟便,軟便,名詞,2
1993,運動器症候群,運動器症候群,名詞,1
2018,創傷,創傷,名詞,1
2022,昏睡,昏睡,名詞,1
2038,立ちくらみ,立ちくらみ,名詞,1
2040,不整脈,不整脈,名詞,1
2098,腫れ,腫れ,名詞,1
2165,床ずれ,床ずれ,名詞,1
2196,湿疹,湿疹,名詞,1
2199,残尿,残尿,名詞,1
2462,悪心,悪心,名詞,1
2467,躁うつ,躁うつ,名詞,1
2468,強迫,強迫,名詞,1
2488,無気力,無気力,名詞,1
2616,尿漏れ,尿漏れ,名詞,1
2654,微熱,微熱,名詞,1
2666,痙直,痙直,名詞,1
2669,失明,失明,名詞,1
2675,巻き爪,巻き爪,名詞,1
2678,爪白,爪白,名詞,1
2792,倦怠感,倦怠感,名詞,1
2793,傾眠,傾眠,名詞,1
2842,不定愁訴,不定愁訴,名詞,1
2962,無動,無動,名詞,1
2967,罪業,罪業,名詞,1
2975,突然死,突然死,名詞,1
3072,肥満,肥満,名詞,1
3198,ひきこもり,ひきこもり,名詞,1
3223,無尿,無尿,名詞,1
3236,悲観,悲観,名詞,1
3237,強迫性,強迫性,名詞,1
3238,健忘,健忘,名詞,1
3240,壊疽,壊疽,名詞,1
3248,傷病,傷病,名詞,1
3288,もの忘れ,もの忘れ,名詞,1
3322,側弯,側弯,名詞,1
3355,軟化,軟化,名詞,1
3357,欠損,欠損,名詞,1
3365,心停止,心停止,名詞,1
3366,減弱,減弱,名詞,1
3370,低体重,低体重,名詞,1
3374,不快感,不快感,名詞,1
3393,関節痛,関節痛,名詞,1
3396,かすれ声,かすれ声,名詞,1
3411,しゃっくり,しゃっくり,名詞,1
3412,吃逆,吃逆,名詞,1
3413,熱傷,熱傷,名詞,1
3414,噯気,噯気,名詞,1
3473,喪失感,喪失感,名詞,1



71,尿失禁,尿失禁,名詞,30
110,痰,痰,名詞,23
118,喀痰,喀痰,名詞,22
212,物忘れ,物忘れ,名詞,13
246,失調,失調,名詞,12
262,振戦,振戦,名詞,11
271,徘徊,徘徊,名詞,11
376,感染症,感染症,名詞,9
427,せん妄,せん妄,名詞,8
435,伷塞,伷塞,名詞,8
439,不眠,不眠,名詞,8
447,体調不良,体調不良,名詞,7
488,不全,不全,名詞,7
492,脱水,脱水,名詞,7
621,白癬,白癬,名詞,5
630,動悸,動悸,名詞,5
638,幻覚,幻覚,名詞,5
639,構音,構音,名詞,5
720,失認,失認,名詞,5
725,変形,変形,名詞,5
760,固縮,固縮,名詞,5
779,発汗,発汗,名詞,5
810,呼吸困難,呼吸困難,名詞,4
832,苦痛,苦痛,名詞,4
842,嘔気,嘔気,名詞,4
882,食中毒,食中毒,名詞,4
916,失語,失語,名詞,4
917,眠気,眠気,名詞,4
933,息苦しい,息苦し,形容詞,4
935,強直,強直,名詞,4
968,閉塞,閉塞,名詞,4
969,多動,多動,名詞,4
1004,緑内障,緑内障,名詞,3
1077,水疱,水疱,名詞,3
1078,発赤,発赤,名詞,3
1079,疱疹,疱疹,名詞,3
1083,狭窄,狭窄,名詞,3
1103,疥癬,疥癬,名詞,3
1107,貧血,貧血,名詞,3
1124,難病,難病,名詞,3
1140,衰弱,衰弱,名詞,3
1147,亢進,亢進,名詞,3
1180,低血糖,低血糖,名詞,3
1184,肥大,肥大,名詞,3
1207,喘息,喘息,名詞,3
1227,間代,間代,名詞,3
1228,重積,重積,名詞,3
1250,息切れ,息切れ,名詞,3
1280,暴言,暴言,名詞,3
1289,結核,結核,名詞,3
1294,全盲,全盲,名詞,3
1305,精神病,精神病,名詞,3
1319,他害,他害,名詞,3
1357,捻挫,捻挫,名詞,2
1395,冷や汗,冷や汗,名詞,2
1409,念慮,念慮,名詞,2
1416,疲れ,疲れ,名詞,2
1487,充血,充血,名詞,2
1488,白内障,白内障,名詞,2
1494,丘疹,丘疹,名詞,2
1496,蕁麻疹,蕁麻疹,名詞,2
1514,潰瘍,潰瘍,名詞,2
1547,心不全,心不全,名詞,2
1613,夜盲,夜盲,名詞,2
1631,疲労感,疲労感,名詞,2
1647,尿臭,尿臭,名詞,2
1660,不振,不振,名詞,2
1696,喘鳴,喘鳴,名詞,2
1710,咳嗽,咳嗽,名詞,2
1726,頻尿,頻尿,名詞,2
1729,混濁,混濁,名詞,2
1730,死斑,死斑（しはん）,名詞,2
1738,睡眠不足,睡眠不足,名詞,2
1777,高血糖,高血糖,名詞,2
1785,病変,病変,名詞,2
1797,角化,角化,名詞,2
1850,心気,心気,名詞,2
1862,幻聴,幻聴,名詞,2
1863,恐れ,恐れ,名詞,2
1878,憤慨,憤慨,名詞,2
1881,うつ状態,うつ状態,名詞,2
1917,扁桃,扁桃,名詞,2
1956,膨満,膨満,名詞,2
1978,軟便,軟便,名詞,2
1993,運動器症候群,運動器症候群,名詞,1
2018,創傷,創傷,名詞,1
2022,昏睡,昏睡,名詞,1
2038,立ちくらみ,立ちくらみ,名詞,1
2040,不整脈,不整脈,名詞,1
2098,腫れ,腫れ,名詞,1
2165,床ずれ,床ずれ,名詞,1
2196,湿疹,湿疹,名詞,1
2199,残尿,残尿,名詞,1
2462,悪心,悪心,名詞,1
2467,躁うつ,躁うつ,名詞,1
2468,強迫,強迫,名詞,1
2488,無気力,無気力,名詞,1
2616,尿漏れ,尿漏れ,名詞,1
2654,微熱,微熱,名詞,1
2666,痙直,痙直,名詞,1
2675,巻き爪,巻き爪,名詞,1
2678,爪白,爪白,名詞,1
2793,傾眠,傾眠,名詞,1
2842,不定愁訴,不定愁訴,名詞,1
2962,無動,無動,名詞,1
2967,罪業,罪業,名詞,1
2975,突然死,突然死,名詞,1
3072,肥満,肥満,名詞,1
3198,ひきこもり,ひきこもり,名詞,1
3223,無尿,無尿,名詞,1
3237,強迫性,強迫性,名詞,1
3240,壊疽,壊疽,名詞,1
3248,傷病,傷病,名詞,1
3288,もの忘れ,もの忘れ,名詞,1
3322,側弯,側弯,名詞,1
3355,軟化,軟化,名詞,1
3357,欠損,欠損,名詞,1
3365,心停止,心停止,名詞,1
3366,減弱,減弱,名詞,1
3370,低体重,低体重,名詞,1
3374,不快感,不快感,名詞,1
3393,関節痛,関節痛,名詞,1
3396,かすれ声,かすれ声,名詞,1
3411,しゃっくり,しゃっくり,名詞,1
3413,熱傷,熱傷,名詞,1
3414,噯気,噯気,名詞,1
3473,喪失感,喪失感,名詞,1


7,吸引,吸引,名詞,82
8,不安,不安,名詞,79
20,介助,介助,名詞,55
32,移乗,移乗,名詞,43
35,関節,関節,名詞,39
39,下肢,下肢,名詞,38
46,認知,認知,名詞,34
52,左側,左側,名詞,33
58,老化,老化,名詞,29
67,仰臥位,仰臥位,名詞,27
69,立位,立位,名詞,26
77,看護,看護,名詞,25
79,臥位,臥位,名詞,25
94,右側,右側,名詞,23
95,消毒,消毒,名詞,22
98,清拭,清拭,名詞,22
101,終末期,終末期,名詞,21
110,社会的,社会的,名詞,19
112,排便,排便,名詞,19
115,検査,検査,名詞,18
116,心理的,心理的,名詞,18
120,唾液,唾液,名詞,18
122,腹部,腹部,名詞,18
129,座位,座位,名詞,17
131,服薬,服薬,名詞,17
149,身体的,身体的,名詞,15
158,脊髄,脊髄,名詞,14
162,主治医,主治医,名詞,14
165,上肢,上肢,名詞,14
168,見当識,見当識,名詞,14
195,排尿,排尿,名詞,12
212,安静,安静,名詞,11
214,体幹,体幹,名詞,11
226,大腿,大腿,名詞,10
228,精神的,精神的,名詞,10
229,覚醒,覚醒,名詞,10
265,学習,学習,名詞,9
278,反射,反射,名詞,9
285,細胞,細胞,名詞,9
288,造設,造設,名詞,9
289,拘縮,拘縮,名詞,9
299,坐薬,坐薬,名詞,9
334,生理的,生理的,名詞,8
339,透析,透析,名詞,8
393,人工呼吸器,人工呼吸器,名詞,7
400,滅菌,滅菌,名詞,7
433,患側,患側,名詞,6
440,手袋,手袋,名詞,6
445,尿意,尿意,名詞,6
469,下剤,下剤,名詞,6
480,網膜,網膜,名詞,6
513,交感,交感,名詞,5
514,水晶体,水晶体,名詞,5
517,代謝,代謝,名詞,5
525,副作用,副作用,名詞,5
538,健側,健側,名詞,5
562,末梢,末梢,名詞,5
563,器官,器官,名詞,5
588,便意,便意,名詞,5
600,中枢,中枢,名詞,5
681,手洗い,手洗い,名詞,4
689,耐性,耐性,名詞,4
734,肛門,肛門,名詞,4
803,成長,成長,名詞,4
820,尿道,尿道,名詞,4
838,視床,視床,名詞,3
845,汗腺,汗腺,名詞,3
867,眼球,眼球,名詞,3
897,染色体,染色体,名詞,3
914,動脈,動脈,名詞,3
925,導尿,導尿,名詞,3
986,依存,依存,名詞,3
990,前立腺,前立腺,名詞,3
1003,病状,病状,名詞,3
1028,思考力,思考力,名詞,3
1054,免疫,免疫,名詞,3
1131,軟膏,軟膏,名詞,3
1169,延髄,延髄,名詞,2
1170,気道,気道,名詞,2
1179,尊厳死,尊厳死,名詞,2
1180,安楽死,安楽死,名詞,2
1183,生殖,生殖,名詞,2
1186,相互作用,相互作用,名詞,2
1188,甲状腺,甲状腺,名詞,2
1190,食前,食前,名詞,2
1191,内服薬,内服薬,名詞,2
1211,細菌,細菌,名詞,2
1214,静脈,静脈,名詞,2
1279,酵素,酵素,名詞,2
1281,タンパク質,タンパク質,名詞,2
1282,糖質,糖質,名詞,2
1283,脂質,脂質,名詞,2
1295,早期発見,早期発見,名詞,2
1299,集中力,集中力,名詞,2
1507,角膜,角膜,名詞,2
1543,下腿,下腿,名詞,2
1554,抗うつ薬,抗うつ薬,名詞,2
1558,離床,離床,名詞,2
1566,粘膜,粘膜,名詞,2
1684,循環器,循環器,名詞,2
1715,情動,情動,名詞,2
1772,松果体,松果体,名詞,1
1780,治癒,治癒,名詞,1
1877,緩和ケア,緩和ケア,名詞,1
2004,靭帯,靭帯,名詞,1
2150,転移,転移,名詞,1
2193,抗がん剤,抗がん剤,名詞,1
2338,触覚,触覚,名詞,1
2402,処方箋,処方箋,名詞,1
2416,遺伝子,遺伝子,名詞,1
2421,予後,予後,名詞,1
2425,抗ヒスタミン,抗ヒスタミン,名詞,1
2582,寛解,寛解,名詞,1
2584,隔離,隔離,名詞,1
2761,公衆衛生,公衆衛生,名詞,1
2804,泌尿器,泌尿器,名詞,1
2828,注意力,注意力,名詞,1
2940,子宮,子宮,名詞,1
2944,生殖器,生殖器,名詞,1
2993,用量,用量,名詞,1
3025,死生観,死生観,名詞,1
3083,皮脂腺,皮脂腺,名詞,1
