順位,原形（辞書形）,文章中表記,品詞,出現回数
1,問題,問題,名詞,1424
2,介護福祉,介護福祉,名詞,510
3,関する,関する,動詞,507
4,認知症,認知症,名詞,359
5,サービス,サービス,名詞,274
6,訪問,訪問,名詞,264
7,ホーム,ホーム,名詞,235
8,機能,機能,名詞,205
9,勧める,勧める,動詞,192
10,障害者,障害者,名詞,151
11,ヘルパー,ヘルパー,名詞,127
12,要介護,要介護,名詞,104
13,日常生活,日常生活,名詞,100
14,介護福祉士,介護福祉士,名詞,96
15,活動,活動,名詞,93
16,麻痺,麻痺,名詞,86
17,専門員,専門員,名詞,85
18,理解,理解,名詞,84
19,吸引,吸引,名詞,82
20,不安,不安,名詞,79
21,総合,総合,名詞,79
22,情報,情報,名詞,78
23,事例,事例,名詞,74
24,介護老人福祉施設,介護老人福祉施設,名詞,73
25,通所,通所,名詞,72
26,移動,移動,名詞,70
27,事業,事業,名詞,70
28,現在,現在,名詞,68
29,コミュニケーション,コミュニケーション,名詞,68
30,居宅,居宅,名詞,68
31,ケア,ケア,名詞,67
32,一人暮らし,一人暮らし,名詞,66
33,実施,実施,名詞,66
34,医療,医療,名詞,65
35,虐待,虐待,名詞,64
36,グループ,グループ,名詞,61
37,控える,控え,動詞,60
38,ヘルプ,ヘルプ,名詞,57
39,判断,判断,名詞,57
40,アルツハイマー,アルツハイマー,名詞,57
41,介助,介助,名詞,55
42,センター,センター,名詞,55
43,目的,目的,名詞,54
44,用いる,用い,動詞,54
45,共同,共同,名詞,54
46,ケアマネジャー,ケアマネジャー,名詞,53
47,医師,医師,名詞,53
48,原因,原因,名詞,52
49,デイサービス,デイサービス,名詞,48
50,姿勢,姿勢,名詞,48
51,リハビリテーション,リハビリテーション,名詞,47
52,自己,自己,名詞,46
53,過程,過程,名詞,46
54,平成,平成,名詞,45
55,法律,法律,名詞,45
56,伴う,伴う,動詞,44
57,治療,治療,名詞,43
58,給付,給付,名詞,43
59,移乗,移乗,名詞,43
60,義務,義務,名詞,41
61,会議,会議,名詞,41
62,支援法,支援法,名詞,40
63,口腔,口腔,名詞,40
64,表情,表情,名詞,39
65,関節,関節,名詞,39
66,注入,注入,名詞,39
67,年度,年度,名詞,38
68,呼吸,呼吸,名詞,38
69,下肢,下肢,名詞,38
70,続ける,続け,動詞,37
71,入居,入居,名詞,37
72,包括,包括,名詞,36
73,経管,経管,名詞,36
74,調理,調理,名詞,36
75,提案,提案,名詞,35
76,依頼,依頼,名詞,35
77,浴槽,浴槽,名詞,35
78,発症,発症,名詞,34
79,区分,区分,名詞,34
80,認知,認知,名詞,34
81,チューブ,チューブ,名詞,34
82,含む,含ま,動詞,33
83,保険制度,保険制度,名詞,33
84,市町村,市町村,名詞,33
85,受診,受診,名詞,33
86,趣味,趣味,名詞,33
87,回復,回復,名詞,33
88,左側,左側,名詞,33
89,在宅,在宅,名詞,33
90,技術,技術,名詞,32
91,痛み,痛み,名詞,31
92,重度,重度,名詞,31
93,チーム,チーム,名詞,31
94,嚥下,嚥下,名詞,30
95,尿失禁,尿失禁,名詞,30
96,損傷,損傷,名詞,29
97,脳梗塞,脳梗塞,名詞,29
98,老化,老化,名詞,29
99,可能,可能,形状詞,29
100,繰り返す,繰り返し,動詞,29
101,介護老人保健施設,介護老人保健施設,名詞,29
102,最初,最初,名詞,29
103,部位,部位,名詞,28
104,避ける,避ける,動詞,28
105,感情,感情,名詞,28
106,交換,交換,名詞,28
107,取り組む,取り組ん,動詞,28
108,増加,増加,名詞,27
109,分類,分類,名詞,27
110,仰臥位,仰臥位,名詞,27
111,避難,避難,名詞,27
112,立位,立位,名詞,26
113,意識,意識,名詞,26
114,作業,作業,名詞,26
115,欲求,欲求,名詞,26
116,基本,基本,名詞,25
117,個人,個人,名詞,25
118,図る,図る,動詞,25
119,看護師,看護師,名詞,25
120,看護,看護,名詞,25
121,周囲,周囲,名詞,25
122,臥位,臥位,名詞,25
123,拭く,拭け,動詞,25
124,応ずる,応じ,動詞,25
125,胃ろう,胃ろう,名詞,25
126,令和,令和,名詞,25
127,援護,援護,名詞,24
128,個別,個別,名詞,24
129,二人暮らし,二人暮らし,名詞,24
130,位置,位置,名詞,24
131,便秘,便秘,名詞,24
132,世帯,世帯,名詞,24
133,以前,以前,名詞,24
134,程度,程度,名詞,23
135,対策,対策,名詞,23
136,以外,以外,名詞,23
137,要介護認定,要介護認定,名詞,23
138,規定,規定,名詞,23
139,神経,神経,名詞,23
140,乾燥,乾燥,名詞,23
141,痰,痰,名詞,23
142,義歯,義歯,名詞,23
143,保持,保持,名詞,23
144,アセスメント,アセスメント,名詞,23
145,右側,右側,名詞,23
146,消毒,消毒,名詞,22
147,安定,安定,名詞,22
148,関わる,関わる,動詞,22
149,妄想,妄想,名詞,22
150,留意点,留意点,名詞,22
151,喀痰,喀痰,名詞,22
152,レクリエーション,レクリエーション,名詞,22
153,清拭,清拭,名詞,22
154,衣服,衣服,名詞,22
155,業務,業務,名詞,22
156,糖尿病,糖尿病,名詞,21
157,高齢,高齢,名詞,21
158,終末期,終末期,名詞,21
159,パーキンソン,パーキンソン,名詞,21
160,受容,受容,名詞,21
161,開始,開始,名詞,21
162,挿入,挿入,名詞,20
163,養護,養護,名詞,20
164,個人情報,個人情報,名詞,20
165,介護者,介護者,名詞,20
166,担当者,担当者,名詞,20
167,体操,体操,名詞,20
168,タオル,タオル,名詞,20
169,気管,気管,名詞,20
170,失行,失行,名詞,19
171,軽度,軽度,名詞,19
172,社会的,社会的,名詞,19
173,服用,服用,名詞,19
174,同行,同行,名詞,19
175,排便,排便,名詞,19
176,人間関係,人間関係,名詞,18
177,割合,割合,名詞,18
178,指定,指定,名詞,18
179,検査,検査,名詞,18
180,心理的,心理的,名詞,18
181,興奮,興奮,名詞,18
182,誤嚥,誤嚥,名詞,18
183,心身,心身,名詞,18
184,社会福祉士,社会福祉士,名詞,18
185,唾液,唾液,名詞,18
186,亡くなる,亡くなり,動詞,18
187,権利,権利,名詞,18
188,骨折,骨折,名詞,18
189,推進,推進,名詞,18
190,腹部,腹部,名詞,18
191,後遺症,後遺症,名詞,18
192,障害児,障害児,名詞,17
193,専門職,専門職,名詞,17
194,責任者,責任者,名詞,17
195,調査,調査,名詞,17
196,発作,発作,名詞,17
197,住民,住民,名詞,17
198,症候群,症候群,名詞,17
199,国際,国際,名詞,17
200,理学療法士,理学療法士,名詞,17
201,有料,有料,名詞,17
202,座位,座位,名詞,17
203,頸髄,頸髄,名詞,17
204,変性,変性,名詞,17
205,購入,購入,名詞,17
206,開催,開催,名詞,17
207,服薬,服薬,名詞,17
208,住宅,住宅,名詞,16
209,尋ねる,尋ねる,動詞,16
210,下痢,下痢,名詞,16
211,機会,機会,名詞,16
212,ニーズ,ニーズ,名詞,16
213,離れる,離れる,動詞,16
214,慣れる,慣れる,動詞,16
215,保管,保管,名詞,16
216,洗浄,洗浄,名詞,16
217,結腸,結腸,名詞,16
218,孫,孫,名詞,16
219,長女,長女,名詞,16
220,血管,血管,名詞,15
221,できるだけ,できるだけ,副詞,15
222,反応,反応,名詞,15
223,解消,解消,名詞,15
224,苦情,苦情,名詞,15
225,薬剤,薬剤,名詞,15
226,サポート,サポート,名詞,15
227,因子,因子,名詞,15
228,特性,特性,名詞,15
229,固定,固定,名詞,15
230,浴室,浴室,名詞,15
231,身体的,身体的,名詞,15
232,便器,便器,名詞,15
233,体験,体験,名詞,15
234,しばらく,しばらく,副詞,15
235,嘔吐,嘔吐,名詞,15
236,指導,指導,名詞,15
237,取得,取得,名詞,15
238,だいたい,だいたい,名詞,15
239,都道府県,都道府県,名詞,15
240,平均,平均,名詞,14
241,脊髄,脊髄,名詞,14
242,体制,体制,名詞,14
243,咽頭,咽頭,名詞,14
244,咳,咳,名詞,14
245,手続き,手続き,名詞,14
246,心理,心理,名詞,14
247,効果,効果,名詞,14
248,主治医,主治医,名詞,14
249,ICF,ＩＣＦ,名詞,14
250,ADL,ＡＤＬ,名詞,14
251,装着,装着,名詞,14
252,上肢,上肢,名詞,14
253,ポータブル,ポータブル,名詞,14
254,パソコン,パソコン,名詞,14
255,便座,便座,名詞,14
256,構造,構造,名詞,14
257,見当識,見当識,名詞,14
258,レビー,レビー,名詞,14
259,体型,体型,名詞,14
260,紹介,紹介,名詞,14
261,死後,死後,名詞,14
262,整理,整理,名詞,14
263,カニューレ,カニューレ,名詞,14
264,自力,自力,名詞,13
265,判定,判定,名詞,13
266,療養,療養,名詞,13
267,困窮,困窮,名詞,13
268,組合せ,組合せ,名詞,13
269,感染,感染,名詞,13
270,経験,経験,名詞,13
271,認識,認識,名詞,13
272,物忘れ,物忘れ,名詞,13
273,ステージ,ステージ,名詞,13
274,夫婦,夫婦,名詞,13
275,食材,食材,名詞,13
276,肺炎,肺炎,名詞,13
277,頸部,頸部,名詞,13
278,主体,主体,名詞,13
279,集団,集団,名詞,13
280,幻視,幻視,名詞,13
281,復帰,復帰,名詞,13
282,段差,段差,名詞,13
283,軽減,軽減,名詞,13
284,導入,導入,名詞,13
285,硬化,硬化,名詞,12
286,運営,運営,名詞,12
287,上昇,上昇,名詞,12
288,深い,深く,形容詞,12
289,出来事,出来事,名詞,12
290,自覚,自覚,名詞,12
291,若年性,若年性,名詞,12
292,性格,性格,名詞,12
293,難聴,難聴,名詞,12
294,気づく,気づく,動詞,12
295,頭部,頭部,名詞,12
296,創設,創設,名詞,12
297,限定,限定,名詞,12
298,保存,保存,名詞,12
299,換気,換気,名詞,12
300,そのまま,そのまま,名詞,12
301,着脱,着脱,名詞,12
302,コーヒー,コーヒー,名詞,12
303,排尿,排尿,名詞,12
304,交通事故,交通事故,名詞,12
305,移行,移行,名詞,12
306,視覚,視覚,名詞,12
307,着衣,着衣,名詞,12
308,以下,以下,名詞,12
309,国家試験,国家試験,名詞,12
310,財布,財布,名詞,12
311,失調,失調,名詞,12
312,廊下,廊下,名詞,11
313,配置,配置,名詞,11
314,理念,理念,名詞,11
315,経済的,経済的,名詞,11
316,萎縮,萎縮,名詞,11
317,側索,側索,名詞,11
318,ALS,ALS,名詞,11
319,直接,直接,副詞,11
320,鼻腔,鼻腔,名詞,11
321,マッサージ,マッサージ,名詞,11
322,睡眠時間,睡眠時間,名詞,11
323,雇用,雇用,名詞,11
324,有効,有効,形状詞,11
325,種類,種類,名詞,11
326,訴え,訴え,名詞,11
327,抑うつ,抑うつ,名詞,11
328,安静,安静,名詞,11
329,専念,専念,名詞,11
330,厚生労働省,厚生労働省,名詞,11
331,振戦,振戦,名詞,11
332,体幹,体幹,名詞,11
333,副菜,副菜,名詞,11
334,ケアプラン,ケアプラン,名詞,11
335,正常,正常,名詞,11
336,徘徊,徘徊,名詞,11
337,脳出血,脳出血,名詞,11
338,構成,構成,名詞,11
339,目立つ,目立ち,動詞,11
340,契約,契約,名詞,11
341,クッション,クッション,名詞,11
342,敷く,敷く,動詞,11
343,盗る,盗ら,動詞,11
344,計画書,計画書,名詞,11
345,生ずる,生じ,動詞,11
346,クラブ,クラブ,名詞,11
347,励ます,励まし,動詞,10
348,以降,以降,名詞,10
349,相談員,相談員,名詞,10
350,小脳,小脳,名詞,10
351,大腿,大腿,名詞,10
352,繊維,繊維,名詞,10
353,食道,食道,名詞,10
354,精神的,精神的,名詞,10
355,覚醒,覚醒,名詞,10
356,直前,直前,名詞,10
357,入所者,入所者,名詞,10
358,脳性麻痺,脳性麻痺,名詞,10
359,電動車,電動車,名詞,10
360,ボランティア,ボランティア,名詞,10
361,リウマチ,リウマチ,名詞,10
362,速度,速度,名詞,10
363,災害,災害,名詞,10
364,一部,一部,名詞,10
365,アルコール,アルコール,名詞,10
366,スーパー,スーパー,名詞,10
367,悲嘆,悲嘆,名詞,10
368,長期,長期,名詞,10
369,多機能,多機能,名詞,10
370,たびたび,たびたび,副詞,10
371,口調,口調,名詞,10
372,リクライニング,リクライニング,名詞,10
373,緊張,緊張,名詞,10
374,窓口,窓口,名詞,10
375,パニック,パニック,名詞,10
376,酸素,酸素,名詞,10
377,プログラム,プログラム,名詞,10
378,提唱,提唱,名詞,10
379,上司,上司,名詞,10
380,要望,要望,名詞,10
381,訪れる,訪れ,動詞,10
382,共生,共生,名詞,10
383,精神,精神,名詞,10
384,カテーテル,カテーテル,名詞,10
385,統合,統合,名詞,10
386,成年,成年,名詞,10
387,遂行,遂行,名詞,10
388,自室,自室,名詞,10
389,万人,万人,名詞,10
390,資源,資源,名詞,10
391,収縮,収縮,名詞,10
392,内部,内部,名詞,10
393,ノーマライゼーション,ノーマライゼーション,名詞,9
394,良好,良好,形状詞,9
395,寿命,寿命,名詞,9
396,占める,占める,動詞,9
397,傾向,傾向,名詞,9
398,基準,基準,名詞,9
399,審査会,審査会,名詞,9
400,主任,主任,名詞,9
401,差別,差別,名詞,9
402,機関,機関,名詞,9
403,親族,親族,名詞,9
404,骨,骨,名詞,9
405,ビタミン,ビタミン,名詞,9
406,ストレス,ストレス,名詞,9
407,プロセス,プロセス,名詞,9
408,薬物,薬物,名詞,9
409,年齢,年齢,名詞,9
410,学習,学習,名詞,9
411,食欲,食欲,名詞,9
412,特定,特定,名詞,9
413,養成,養成,名詞,9
414,接する,接する,動詞,9
415,意図,意図,名詞,9
416,顎,顎,名詞,9
417,以内,以内,名詞,9
418,施設内,施設内,名詞,9
419,前方,前方,名詞,9
420,十分,十分,形状詞,9
421,指摘,指摘,名詞,9
422,順番,順番,名詞,9
423,味覚,味覚,名詞,9
424,摂取量,摂取量,名詞,9
425,血圧,血圧,名詞,9
426,シーツ,シーツ,名詞,9
427,世話,世話,名詞,9
428,腹圧,腹圧,名詞,9
429,反射,反射,名詞,9
430,小規模,小規模,名詞,9
431,清潔,清潔,名詞,9
432,褥瘡,褥瘡,名詞,9
433,異常,異常,名詞,9
434,言葉かけ,言葉かけ,名詞,9
435,きっかけ,きっかけ,名詞,9
436,未婚,未婚,名詞,9
437,細胞,細胞,名詞,9
438,高次,高次,名詞,9
439,自閉症,自閉症,名詞,9
440,集中,集中,名詞,9
441,苦しい,苦しく,形容詞,9
442,造設,造設,名詞,9
443,除外,除外,名詞,9
444,ストーマ,ストーマ,名詞,9
445,拘縮,拘縮,名詞,9
446,全国,全国,名詞,9
447,関心,関心,名詞,9
448,ほとんど,ほとんど,名詞,9
449,若年者,若年者,名詞,9
450,終了,終了,名詞,9
451,委員会,委員会,名詞,9
452,背中,背中,名詞,9
453,近隣,近隣,名詞,9
454,順調,順調,形状詞,9
455,診察,診察,名詞,9
456,踏まえる,踏まえ,動詞,9
457,未満,未満,名詞,9
458,坐薬,坐薬,名詞,9
459,座薬,座薬,名詞,9
460,排出,排出,名詞,9
461,保健所,保健所,名詞,9
462,レベル,レベル,名詞,9
463,メッセージ,メッセージ,名詞,9
464,適する,適し,動詞,9
465,感染症,感染症,名詞,9
466,徐々,徐々,名詞,8
467,説得,説得,名詞,8
468,定義,定義,名詞,8
469,支給,支給,名詞,8
470,具体的,具体的,名詞,8
471,筋肉,筋肉,名詞,8
472,基礎,基礎,名詞,8
473,喉頭,喉頭,名詞,8
474,時期,時期,名詞,8
475,中途,中途,名詞,8
476,レム,レム,名詞,8
477,用語,用語,名詞,8
478,疎通,疎通,名詞,8
479,獲得,獲得,名詞,8
480,更新,更新,名詞,8
481,低血圧,低血圧,名詞,8
482,医療機関,医療機関,名詞,8
483,ユニット,ユニット,名詞,8
484,うつ病,うつ病,名詞,8
485,急速,急速,形状詞,8
486,療法,療法,名詞,8
487,タンス,タンス,名詞,8
488,こだわり,こだわり,名詞,8
489,処分,処分,名詞,8
490,ベルト,ベルト,名詞,8
491,密着,密着,名詞,8
492,着用,着用,名詞,8
493,伝達,伝達,名詞,8
494,先端,先端,名詞,8
495,残存,残存,名詞,8
496,リフト,リフト,名詞,8
497,蠕動,蠕動,名詞,8
498,変形性,変形性,名詞,8
499,配膳,配膳,名詞,8
500,寂しい,寂し,形容詞,8
501,拒否,拒否,名詞,8
502,手指,手指,名詞,8
503,ナトリウム,ナトリウム,名詞,8
504,悪化,悪化,名詞,8
505,国民,国民,名詞,8
506,許可,許可,名詞,8
507,聴覚,聴覚,名詞,8
508,手話,手話,名詞,8
509,ショートステイ,ショートステイ,名詞,8
510,生理的,生理的,名詞,8
511,側頭,側頭,名詞,8
512,慢性,慢性,名詞,8
513,混乱,混乱,名詞,8
514,従う,従っ,動詞,8
515,期間,期間,名詞,8
516,トラブル,トラブル,名詞,8
517,直腸,直腸,名詞,8
518,透析,透析,名詞,8
519,言動,言動,名詞,8
520,暴力,暴力,名詞,8
521,改修,改修,名詞,8
522,客観的,客観的,名詞,8
523,対象外,対象外,名詞,8
524,経口,経口,名詞,8
525,せん妄,せん妄,名詞,8
526,成人,成人,名詞,8
527,入院中,入院中,名詞,8
528,研修,研修,名詞,8
529,浅い,浅く,形容詞,8
530,伷塞,伷塞,名詞,8
531,交付,交付,名詞,8
532,サービス管理責任者,サービス管理責任者,名詞,8
533,基幹,基幹,名詞,8
534,不眠,不眠,名詞,8
535,疾病,疾病,名詞,7
536,一定,一定,名詞,7
537,開示,開示,名詞,7
538,補助,補助,名詞,7
539,構築,構築,名詞,7
540,体調不良,体調不良,名詞,7
541,限る,限ら,動詞,7
542,リスク,リスク,名詞,7
543,任意,任意,名詞,7
544,摂食,摂食,名詞,7
545,膀胱,膀胱,名詞,7
546,施策,施策,名詞,7
547,吸収,吸収,名詞,7
548,エピソード,エピソード,名詞,7
549,知能,知能,名詞,7
550,内服,内服,名詞,7
551,コントロール,コントロール,名詞,7
552,死別,死別,名詞,7
553,態度,態度,名詞,7
554,精神科,精神科,名詞,7
555,自ら,自ら,名詞,7
556,腰髄,腰髄,名詞,7
557,重症,重症,名詞,7
558,装具,装具,名詞,7
559,逆流,逆流,名詞,7
560,災害時,災害時,名詞,7
561,省略,省略,名詞,7
562,抱える,抱え,動詞,7
563,補聴器,補聴器,名詞,7
564,修正,修正,名詞,7
565,対象者,対象者,名詞,7
566,表示,表示,名詞,7
567,操作,操作,名詞,7
568,ボード,ボード,名詞,7
569,肘,肘,名詞,7
570,塩分,塩分,名詞,7
571,たんぱく質,たんぱく質,名詞,7
572,骨粗鬆症,骨粗鬆症,名詞,7
573,シャワー,シャワー,名詞,7
574,処理,処理,名詞,7
575,歩き回る,歩き回り,動詞,7
576,主観的,主観的,名詞,7
577,数か月,数か月,名詞,7
578,炎症,炎症,名詞,7
579,詳しい,詳しく,形容詞,7
580,背部,背部,名詞,7
581,入眠,入眠,名詞,7
582,四肢麻痺,四肢麻痺,名詞,7
583,既に,既に,副詞,7
584,充足,充足,名詞,7
585,前頭,前頭,名詞,7
586,価値,価値,名詞,7
587,愛着,愛着,名詞,7
588,マットレス,マットレス,名詞,7
589,知識,知識,名詞,7
590,頻繁,頻繁,形状詞,7
591,不全,不全,名詞,7
592,ランク,ランク,名詞,7
593,運転免許,運転免許,名詞,7
594,互い,互い,名詞,7
595,新た,新た,形状詞,7
596,普段,普段,名詞,7
597,脱水,脱水,名詞,7
598,生後,生後,名詞,7
599,人工呼吸器,人工呼吸器,名詞,7
600,勧め,勧め,名詞,7
601,ミス,ミス,名詞,7
602,全て,全て,名詞,7
603,発生,発生,名詞,7
604,直後,直後,名詞,7
605,不足,不足,名詞,7
606,随意,随意,名詞,7
607,シート,シート,名詞,7
608,研究,研究,名詞,7
609,滅菌,滅菌,名詞,7
610,咀嚼,咀嚼,名詞,7
611,試験,試験,名詞,7
612,ペット,ペット,名詞,7
613,関わり,関わり,名詞,6
614,初対面,初対面,名詞,6
615,仲間,仲間,名詞,6
616,筆談,筆談,名詞,6
617,透明,透明,形状詞,6
618,装置,装置,名詞,6
619,沈黙,沈黙,名詞,6
620,前向き,前向き,形状詞,6
621,話題,話題,名詞,6
622,公費,公費,名詞,6
623,取扱い,取扱い,名詞,6
624,禁止,禁止,名詞,6
625,不自由,不自由,名詞,6
626,家賃,家賃,名詞,6
627,弛緩,弛緩,名詞,6
628,舌,舌,名詞,6
629,エネルギー,エネルギー,名詞,6
630,表面,表面,名詞,6
631,要する,要する,動詞,6
632,抑える,抑える,動詞,6
633,インスリン,インスリン,名詞,6
634,四肢,四肢,名詞,6
635,乏しい,乏しい,形容詞,6
636,人格,人格,名詞,6
637,後期,後期,名詞,6
638,否定,否定,名詞,6
639,ショック,ショック,名詞,6
640,現実,現実,名詞,6
641,努力,努力,名詞,6
642,経鼻,経鼻,名詞,6
643,従事者,従事者,名詞,6
644,最優先,最優先,名詞,6
645,設備,設備,名詞,6
646,拘束,拘束,名詞,6
647,腰痛,腰痛,名詞,6
648,効果的,効果的,名詞,6
649,途中,途中,名詞,6
650,マット,マット,名詞,6
651,縦,縦,名詞,6
652,患側,患側,名詞,6
653,容器,容器,名詞,6
654,汗,汗,名詞,6
655,更衣,更衣,名詞,6
656,機能性,機能性,名詞,6
657,スライディング,スライディング,名詞,6
658,変換,変換,名詞,6
659,臀部,臀部,名詞,6
660,手袋,手袋,名詞,6
661,膝関節症,膝関節症,名詞,6
662,代行,代行,名詞,6
663,主菜,主菜,名詞,6
664,全般,全般,名詞,6
665,消失,消失,名詞,6
666,尿意,尿意,名詞,6
667,経つ,経つ,動詞,6
668,次亜,次亜,名詞,6
669,塩素酸,塩素酸,名詞,6
670,一人息子,一人息子,名詞,6
671,有無,有無,名詞,6
672,職場,職場,名詞,6
673,大腿骨,大腿骨,名詞,6
674,支払い,支払い,名詞,6
675,ケース,ケース,名詞,6
676,断る,断り,動詞,6
677,居住,居住,名詞,6
678,流れる,流れ,動詞,6
679,優先度,優先度,名詞,6
680,喉,喉,名詞,6
681,聞き取る,聞き取る,動詞,6
682,外傷,外傷,名詞,6
683,与える,与える,動詞,6
684,モデル,モデル,名詞,6
685,適応,適応,名詞,6
686,擁護,擁護,名詞,6
687,児童,児童,名詞,6
688,行える,行え,動詞,6
689,中等,中等,名詞,6
690,穏やか,穏やか,形状詞,6
691,畳,畳,名詞,6
692,分間,分間,名詞,6
693,加熱,加熱,名詞,6
694,陰部,陰部,名詞,6
695,下剤,下剤,名詞,6
696,前屈,前屈,名詞,6
697,リハビリ,リハビリ,名詞,6
698,ブレーキ,ブレーキ,名詞,6
699,食べ残し,食べ残し,名詞,6
700,両足,両足,名詞,6
701,不満,不満,名詞,6
702,抱く,抱い,動詞,6
703,過去,過去,名詞,6
704,心臓,心臓,名詞,6
705,支障,支障,名詞,6
706,初回,初回,名詞,6
707,否認,否認,名詞,6
708,観念,観念,名詞,6
709,網膜,網膜,名詞,6
710,手順,手順,名詞,6
711,補給,補給,名詞,6
712,倫理,倫理,名詞,6
713,転落,転落,名詞,6
714,耳垢,耳垢,名詞,6
715,重心,重心,名詞,6
716,足浴,足浴,名詞,6
717,塗る,塗る,動詞,6
718,激しい,激しく,形容詞,6
719,支払う,支払っ,動詞,6
720,覚める,覚め,動詞,6
721,存在,存在,名詞,6
722,費用,費用,名詞,6
723,家庭,家庭,名詞,6
724,恥骨,恥骨,名詞,6
725,合理的配慮,合理的配慮,名詞,6
726,スペクトラム,スペクトラム,名詞,6
727,硬い,硬い,形容詞,6
728,奥,奥,名詞,6
729,タイプ,タイプ,名詞,6
730,洗濯機,洗濯機,名詞,6
731,振り返る,振り返り,動詞,6
732,動機づけ,動機づけ,名詞,6
733,サークル,サークル,名詞,6
734,チームメンバー,チームメンバー,名詞,6
735,浣腸,浣腸,名詞,6
736,心がける,心がける,動詞,5
737,職業,職業,名詞,5
738,普通,普通,名詞,5
739,手段,手段,名詞,5
740,点字,点字,名詞,5
741,異なる,異なる,動詞,5
742,切り替える,切り替え,動詞,5
743,予定,予定,名詞,5
744,所得,所得,名詞,5
745,除く,除い,動詞,5
746,通帳,通帳,名詞,5
747,交感,交感,名詞,5
748,白癬,白癬,名詞,5
749,水晶体,水晶体,名詞,5
750,出血,出血,名詞,5
751,日光,日光,名詞,5
752,代謝,代謝,名詞,5
753,アルカリ性,アルカリ性,名詞,5
754,至る,至る,動詞,5
755,自然,自然,形状詞,5
756,失う,失わ,動詞,5
757,代わる,代わっ,動詞,5
758,抑圧,抑圧,名詞,5
759,動悸,動悸,名詞,5
760,頭痛,頭痛,名詞,5
761,一律,一律,名詞,5
762,充実,充実,名詞,5
763,副作用,副作用,名詞,5
764,きれい,きれい,形状詞,5
765,音域,音域,名詞,5
766,幻覚,幻覚,名詞,5
767,構音,構音,名詞,5
768,筋萎縮,筋萎縮,名詞,5
769,受け止める,受け止める,動詞,5
770,義肢,義肢,名詞,5
771,失語症,失語症,名詞,5
772,レスパイトケア,レスパイトケア,名詞,5
773,肺,肺,名詞,5
774,範囲,範囲,名詞,5
775,企画,企画,名詞,5
776,元年,元年,名詞,5
777,考慮,考慮,名詞,5
778,リズム,リズム,名詞,5
779,宿泊,宿泊,名詞,5
780,柵,柵,名詞,5
781,報告書,報告書,名詞,5
782,参加者,参加者,名詞,5
783,洋式,洋式,名詞,5
784,健側,健側,名詞,5
785,ブラッシング,ブラッシング,名詞,5
786,季節,季節,名詞,5
787,湯温,湯温,名詞,5
788,取り除く,取り除く,動詞,5
789,嫌,嫌,形状詞,5
790,評価日,評価日,名詞,5
791,表出,表出,名詞,5
792,MRSA,ＭＲＳＡ,名詞,5
793,ブドウ,ブドウ,名詞,5
794,球菌,球菌,名詞,5
795,溢流性,溢流性,名詞,5
796,回想,回想,名詞,5
797,遠慮,遠慮,名詞,5
798,生産,生産,名詞,5
799,遠方,遠方,名詞,5
800,最小限,最小限,名詞,5
801,我慢,我慢,名詞,5
802,伝わる,伝わら,動詞,5
803,類型,類型,名詞,5
804,互助,互助,名詞,5
805,保障,保障,名詞,5
806,死亡,死亡,名詞,5
807,明らか,明らか,形状詞,5
808,精神障害,精神障害,名詞,5
809,貯金,貯金,名詞,5
810,所属,所属,名詞,5
811,収納,収納,名詞,5
812,条件,条件,名詞,5
813,反省,反省,名詞,5
814,末梢,末梢,名詞,5
815,器官,器官,名詞,5
816,通常,通常,名詞,5
817,階層,階層,名詞,5
818,愛情,愛情,名詞,5
819,代弁,代弁,名詞,5
820,物事,物事,名詞,5
821,回避,回避,名詞,5
822,刺激,刺激,名詞,5
823,飽和,飽和,名詞,5
824,再度,再度,名詞,5
825,候補者,候補者,名詞,5
826,日頃,日頃,名詞,5
827,退職,退職,名詞,5
828,閲覧,閲覧,名詞,5
829,防災,防災,名詞,5
830,派遣,派遣,名詞,5
831,非常,非常,形状詞,5
832,労働者,労働者,名詞,5
833,傾ける,傾ける,動詞,5
834,つぶやく,つぶやく,動詞,5
835,後日,後日,名詞,5
836,ブラシ,ブラシ,名詞,5
837,柄,柄,名詞,5
838,右膝,右膝,名詞,5
839,伸びる,伸び,動詞,5
840,仙骨,仙骨,名詞,5
841,便意,便意,名詞,5
842,前傾,前傾,名詞,5
843,パウチ,パウチ,名詞,5
844,サイド,サイド,名詞,5
845,傾聴,傾聴,名詞,5
846,招集,招集,名詞,5
847,自立度,自立度,名詞,5
848,失認,失認,名詞,5
849,可動域,可動域,名詞,5
850,沈む,沈ん,動詞,5
851,1級,1級,名詞,5
852,義足,義足,名詞,5
853,変形,変形,名詞,5
854,生命,生命,名詞,5
855,聴覚障害,聴覚障害,名詞,5
856,離婚,離婚,名詞,5
857,申し出る,申し出,動詞,5
858,中枢,中枢,名詞,5
859,併用,併用,名詞,5
860,軽快,軽快,名詞,5
861,周辺,周辺,名詞,5
862,ニィリエ,ニィリエ,名詞,5
863,一般,一般,名詞,5
864,取っ手,取っ手,名詞,5
865,病棟,病棟,名詞,5
866,患者,患者,名詞,5
867,物品,物品,名詞,5
868,個室,個室,名詞,5
869,消毒液,消毒液,名詞,5
870,監視,監視,名詞,5
871,項目,項目,名詞,5
872,推測,推測,名詞,5
873,歩行器,歩行器,名詞,5
874,味付け,味付け,名詞,5
875,終日,終日,名詞,5
876,経済,経済,名詞,5
877,営む,営ん,動詞,5
878,翌日,翌日,名詞,5
879,半身,半身,名詞,5
880,ガイド,ガイド,名詞,5
881,母子,母子,名詞,5
882,指導者,指導者,名詞,5
883,財源,財源,名詞,5
884,今まで,今まで,名詞,5
885,技法,技法,名詞,5
886,イライラ,イライラ,名詞,5
887,固縮,固縮,名詞,5
888,廃棄,廃棄,名詞,5
889,取り組み,取り組み,名詞,5
890,精神保健指定医,精神保健指定医,名詞,5
891,搬送,搬送,名詞,5
892,保健,保健,名詞,5
893,2級,2級,名詞,5
894,更生,更生,名詞,5
895,余命,余命,名詞,5
896,区別,区別,名詞,5
897,液温,液温,名詞,5
898,条約,条約,名詞,5
899,救急,救急,名詞,5
900,精神障害者,精神障害者,名詞,5
901,資格,資格,名詞,5
902,ストレッチャー,ストレッチャー,名詞,5
903,エレベーター,エレベーター,名詞,5
904,要因,要因,名詞,5
905,発汗,発汗,名詞,5
906,自発的,自発的,名詞,5
907,合唱,合唱,名詞,5
908,梗塞,梗塞,名詞,5
909,現場,現場,名詞,5
910,親指,親指,名詞,5
911,免許,免許,名詞,5
912,ゴミ,ゴミ,名詞,5
913,大正琴,大正琴,名詞,5
914,口数,口数,名詞,4
915,消極的,消極的,名詞,4
916,視力,視力,名詞,4
917,重要,重要,形状詞,4
918,常勤,常勤,名詞,4
919,医療保険,医療保険,名詞,4
920,形態,形態,名詞,4
921,額,額,名詞,4
922,社会保険,社会保険,名詞,4
923,預かる,預かり,動詞,4
924,保険者,保険者,名詞,4
925,事務,事務,名詞,4
926,委託,委託,名詞,4
927,扶助,扶助,名詞,4
928,瞳孔,瞳孔,名詞,4
929,白濁,白濁,名詞,4
930,掛ける,掛ける,動詞,4
931,挙上,挙上,名詞,4
932,先行,先行,名詞,4
933,骨盤,骨盤,名詞,4
934,死期,死期,名詞,4
935,指示書,指示書,名詞,4
936,老人福祉法,老人福祉法,名詞,4
937,後期高齢者医療制度,後期高齢者医療制度,名詞,4
938,消化管,消化管,名詞,4
939,浮腫,浮腫,名詞,4
940,注射,注射,名詞,4
941,小刻み,小刻み,名詞,4
942,緩やか,緩やか,形状詞,4
943,完全,完全,形状詞,4
944,サポーター,サポーター,名詞,4
945,得意,得意,名詞,4
946,クローン,クローン,名詞,4
947,ホーエン,ホーエン,名詞,4
948,ヤール,ヤール,名詞,4
949,刻み食,刻み食,名詞,4
950,呼吸困難,呼吸困難,名詞,4
951,栄養素,栄養素,名詞,4
952,仕組み,仕組み,名詞,4
953,事項,事項,名詞,4
954,法定,法定,名詞,4
955,事情,事情,名詞,4
956,多様,多様,形状詞,4
957,送迎,送迎,名詞,4
958,切迫,切迫,名詞,4
959,五十音,五十音,名詞,4
960,耳元,耳元,名詞,4
961,匿名化,匿名化,名詞,4
962,データ,データ,名詞,4
963,簡易,簡易,形状詞,4
964,傷,傷,名詞,4
965,上顎,上顎,名詞,4
966,水平,水平,名詞,4
967,寄せる,寄せる,動詞,4
968,腋窩,腋窩,名詞,4
969,高血圧症,高血圧症,名詞,4
970,ビニール,ビニール,名詞,4
971,手洗い,手洗い,名詞,4
972,消費,消費,名詞,4
973,安眠,安眠,名詞,4
974,夜食,夜食,名詞,4
975,強度,強度,名詞,4
976,カーテン,カーテン,名詞,4
977,苦痛,苦痛,名詞,4
978,技能,技能,名詞,4
979,改訂,改訂,名詞,4
980,共通,共通,名詞,4
981,インフォームドコンセント,インフォームドコンセント,名詞,4
982,モニタリング,モニタリング,名詞,4
983,メチシリン,メチシリン,名詞,4
984,耐性,耐性,名詞,4
985,保菌,保菌,名詞,4
986,保菌者,保菌者,名詞,4
987,入居者,入居者,名詞,4
988,険しい,険しく,形容詞,4
989,座り込む,座り込む,動詞,4
990,嘔気,嘔気,名詞,4
991,貼る,貼る,動詞,4
992,帯状,帯状,名詞,4
993,マウス,マウス,名詞,4
994,メール,メール,名詞,4
995,卒業後,卒業後,名詞,4
996,一定期間,一定期間,名詞,4
997,標準,標準,名詞,4
998,励む,励ん,動詞,4
999,脊柱,脊柱,名詞,4
1000,主張,主張,名詞,4
1001,アドボカシー,アドボカシー,名詞,4
1002,上回る,上回っ,動詞,4
1003,非正規雇用,非正規雇用,名詞,4
1004,アルバイト,アルバイト,名詞,4
1005,労働者数,労働者数,名詞,4
1006,ケアシステム,ケアシステム,名詞,4
1007,手術,手術,名詞,4
1008,利益,利益,名詞,4
1009,補装,補装,名詞,4
1010,道具,道具,名詞,4
1011,爆発,爆発,名詞,4
1012,静脈血,静脈血,名詞,4
1013,体内,体内,名詞,4
1014,周期,周期,名詞,4
1015,臓器,臓器,名詞,4
1016,補う,補う,動詞,4
1017,キューブラー,キューブラー,名詞,4
1018,ロス,ロス,名詞,4
1019,薄暗い,薄暗い,形容詞,4
1020,危険性,危険性,名詞,4
1021,マズロー,マズロー,名詞,4
1022,承認,承認,名詞,4
1023,注意点,注意点,名詞,4
1024,常同,常同,名詞,4
1025,硬膜,硬膜,名詞,4
1026,血腫,血腫,名詞,4
1027,医療センター,医療センター,名詞,4
1028,視線,視線,名詞,4
1029,通学,通学,名詞,4
1030,一時的,一時的,名詞,4
1031,湿度,湿度,名詞,4
1032,延長,延長,名詞,4
1033,寝具,寝具,名詞,4
1034,クーリング・オフ,クーリング・オフ,名詞,4
1035,持病,持病,名詞,4
1036,暮らせる,暮らせる,動詞,4
1037,乾く,乾い,動詞,4
1038,加える,加え,動詞,4
1039,キャスター,キャスター,名詞,4
1040,素早い,素早く,形容詞,4
1041,食中毒,食中毒,名詞,4
1042,歯科衛生士,歯科衛生士,名詞,4
1043,肛門,肛門,名詞,4
1044,横行,横行,名詞,4
1045,足底,足底,名詞,4
1046,人工,人工,名詞,4
1047,高血圧,高血圧,名詞,4
1048,漂白剤,漂白剤,名詞,4
1049,少量,少量,名詞,4
1050,閉じこもる,閉じこもり,動詞,4
1051,不在,不在,名詞,4
1052,半側,半側,名詞,4
1053,無視,無視,名詞,4
1054,救急車,救急車,名詞,4
1055,根拠,根拠,名詞,4
1056,紙おむつ,紙おむつ,名詞,4
1057,冷房,冷房,名詞,4
1058,休息,休息,名詞,4
1059,あいづち,あいづち,名詞,4
1060,思い込む,思い込む,動詞,4
1061,分野,分野,名詞,4
1062,公的,公的,形状詞,4
1063,収益,収益,名詞,4
1064,それぞれ,それぞれ,名詞,4
1065,巡回,巡回,名詞,4
1066,随時,随時,名詞,4
1067,放課後,放課後,名詞,4
1068,就労定着支援,就労定着支援,名詞,4
1069,ガス,ガス,名詞,4
1070,抜去,抜去,名詞,4
1071,熟睡,熟睡,名詞,4
1072,嗅覚,嗅覚,名詞,4
1073,脳卒中,脳卒中,名詞,4
1074,バンク,バンク,名詞,4
1075,ミケルセン,ミケルセン,名詞,4
1076,利き手,利き手,名詞,4
1077,医学的,医学的,名詞,4
1078,有病,有病,名詞,4
1079,アップ,アップ,名詞,4
1080,内閣府,内閣府,名詞,4
1081,選択肢,選択肢,名詞,4
1082,亡くす,亡くし,動詞,4
1083,現状,現状,名詞,4
1084,画一的,画一的,名詞,4
1085,浸す,浸し,動詞,4
1086,失語,失語,名詞,4
1087,眠気,眠気,名詞,4
1088,着ける,着け,動詞,4
1089,絞る,絞っ,動詞,4
1090,床材,床材,名詞,4
1091,冷水,冷水,名詞,4
1092,踵,踵,名詞,4
1093,前腕,前腕,名詞,4
1094,支持,支持,名詞,4
1095,口渇,口渇,名詞,4
1096,アイス,アイス,名詞,4
1097,泡,泡,名詞,4
1098,スポンジ,スポンジ,名詞,4
1099,洗い流す,洗い流す,動詞,4
1100,防虫剤,防虫剤,名詞,4
1101,特殊,特殊,形状詞,4
1102,頻度,頻度,名詞,4
1103,スキューバダイビング,スキューバダイビング,名詞,4
1104,専門医,専門医,名詞,4
1105,息苦しい,息苦し,形容詞,4
1106,休職,休職,名詞,4
1107,強直,強直,名詞,4
1108,硬直,硬直,名詞,4
1109,延命,延命,名詞,4
1110,エンパワメント,エンパワメント,名詞,4
1111,共助,共助,名詞,4
1112,徴収,徴収,名詞,4
1113,家庭裁判所,家庭裁判所,名詞,4
1114,平等,平等,名詞,4
1115,散乱,散乱,名詞,4
1116,聴力,聴力,名詞,4
1117,開き戸,開き戸,名詞,4
1118,エイド,エイド,名詞,4
1119,菌,菌,名詞,4
1120,監督,監督,名詞,4
1121,取り戻す,取り戻す,動詞,4
1122,育成,育成,名詞,4
1123,メニュー,メニュー,名詞,4
1124,変動,変動,名詞,4
1125,アテトーゼ,アテトーゼ,名詞,4
1126,大脳,大脳,名詞,4
1127,口臭,口臭,名詞,4
1128,短時間,短時間,名詞,4
1129,下顎,下顎,名詞,4
1130,デイケア,デイケア,名詞,4
1131,メンバー,メンバー,名詞,4
1132,団体,団体,名詞,4
1133,物質,物質,名詞,4
1134,ペース,ペース,名詞,4
1135,溝,溝,名詞,4
1136,前輪,前輪,名詞,4
1137,駆動輪,駆動輪,名詞,4
1138,腰部,腰部,名詞,4
1139,閉塞,閉塞,名詞,4
1140,多動,多動,名詞,4
1141,サイン,サイン,名詞,4
1142,立場,立場,名詞,4
1143,カルシウム,カルシウム,名詞,4
1144,成長,成長,名詞,4
1145,返答,返答,名詞,4
1146,改革,改革,名詞,4
1147,転居,転居,名詞,4
1148,同僚,同僚,名詞,4
1149,壁紙,壁紙,名詞,4
1150,耳介,耳介,名詞,4
1151,アプローチ,アプローチ,名詞,4
1152,主に,主に,副詞,4
1153,受講,受講,名詞,4
1154,当事者,当事者,名詞,4
1155,自傷,自傷,名詞,4
1156,定着,定着,名詞,4
1157,要約,要約,名詞,4
1158,入会,入会,名詞,4
1159,コンクール,コンクール,名詞,4
1160,夏祭り,夏祭り,名詞,4
1161,筆記,筆記,名詞,4
1162,ハローワーク,ハローワーク,名詞,4
1163,満足,満足,名詞,4
1164,尿路,尿路,名詞,4
1165,尿道,尿道,名詞,4
1166,発信,発信,名詞,4
1167,カフェ,カフェ,名詞,4
1168,駐車場,駐車場,名詞,4
1169,フット,フット,名詞,4
1170,ホルモン,ホルモン,名詞,4
1171,健康食品,健康食品,名詞,4
1172,商品,商品,名詞,4
1173,油絵,油絵,名詞,4
1174,協力,協力,名詞,4
1175,住居,住居,名詞,4
1176,表皮,表皮,名詞,4
1177,ジェノグラム,ジェノグラム,名詞,4
1178,アルバム,アルバム,名詞,4
1179,種別,種別,名詞,3
1180,水準,水準,名詞,3
1181,緑内障,緑内障,名詞,3
1182,携帯用,携帯用,名詞,3
1183,WHO,ＷＨＯ,名詞,3
1184,世界保健機関,世界保健機関,名詞,3
1185,加入,加入,名詞,3
1186,登録,登録,名詞,3
1187,罰則,罰則,名詞,3
1188,行政,行政,名詞,3
1189,肢体,肢体,名詞,3
1190,所持,所持,名詞,3
1191,海馬,海馬,名詞,3
1192,視床,視床,名詞,3
1193,消化,消化,名詞,3
1194,心拍数,心拍数,名詞,3
1195,三角,三角,名詞,3
1196,大胸筋,大胸筋,名詞,3
1197,炭水化物,炭水化物,名詞,3
1198,身長,身長,名詞,3
1199,算出,算出,名詞,3
1200,汗腺,汗腺,名詞,3
1201,活発,活発,形状詞,3
1202,漏れる,漏れ,動詞,3
1203,眠り,眠り,名詞,3
1204,意図的,意図的,名詞,3
1205,グリーフケア,グリーフケア,名詞,3
1206,事業主,事業主,名詞,3
1207,道路交通法,道路交通法,名詞,3
1208,流動性,流動性,名詞,3
1209,受け身,受け身,名詞,3
1210,投影,投影,名詞,3
1211,退行,退行,名詞,3
1212,震え,震え,名詞,3
1213,毎食,毎食,名詞,3
1214,血糖,血糖,名詞,3
1215,雰囲気,雰囲気,名詞,3
1216,病識,病識,名詞,3
1217,比較,比較,名詞,3
1218,泥棒,泥棒,名詞,3
1219,保管場所,保管場所,名詞,3
1220,目印,目印,名詞,3
1221,専門的,専門的,名詞,3
1222,中核,中核,名詞,3
1223,講座,講座,名詞,3
1224,ピアカウンセリング,ピアカウンセリング,名詞,3
1225,明瞭,明瞭,形状詞,3
1226,ウイルス,ウイルス,名詞,3
1227,にぎやか,にぎやか,形状詞,3
1228,途切れる,途切れ,動詞,3
1229,眼球,眼球,名詞,3
1230,保健師,保健師,名詞,3
1231,腹臥位,腹臥位,名詞,3
1232,限度,限度,名詞,3
1233,胃内,胃内,名詞,3
1234,審議会,審議会,名詞,3
1235,提出,提出,名詞,3
1236,あり方,あり方,名詞,3
1237,文化,文化,名詞,3
1238,別居,別居,名詞,3
1239,私物,私物,名詞,3
1240,伸展,伸展,名詞,3
1241,疲労,疲労,名詞,3
1242,上限,上限,名詞,3
1243,要件,要件,名詞,3
1244,口元,口元,名詞,3
1245,氏名,氏名,名詞,3
1246,食卓,食卓,名詞,3
1247,ケアカンファレンス,ケアカンファレンス,名詞,3
1248,感想,感想,名詞,3
1249,滑り止め,滑り止め,名詞,3
1250,ボール,ボール,名詞,3
1251,倒す,倒す,動詞,3
1252,昇降,昇降,名詞,3
1253,廃用,廃用,名詞,3
1254,過ごせる,過ごせる,動詞,3
1255,主食,主食,名詞,3
1256,生活習慣病,生活習慣病,名詞,3
1257,差し込み,差し込み,名詞,3
1258,自動,自動,名詞,3
1259,概日リズム,概日リズム,名詞,3
1260,寝だめ,寝だめ,名詞,3
1261,切り離す,切り離し,動詞,3
1262,くも膜下出血,くも膜下出血,名詞,3
1263,起き上がる,起き上がる,動詞,3
1264,成果,成果,名詞,3
1265,かみ合う,かみ合わ,動詞,3
1266,行方不明,行方不明,名詞,3
1267,水疱,水疱,名詞,3
1268,発赤,発赤,名詞,3
1269,疱疹,疱疹,名詞,3
1270,スティック,スティック,名詞,3
1271,顔貌,顔貌,名詞,3
1272,染色体,染色体,名詞,3
1273,おおむね,おおむね,名詞,3
1274,狭窄,狭窄,名詞,3
1275,アメリカ,アメリカ,名詞,3
1276,捉える,捉え,動詞,3
1277,昨年,昨年,名詞,3
1278,聞き手,聞き手,名詞,3
1279,生活史,生活史,名詞,3
1280,浮く,浮か,動詞,3
1281,秘密,秘密,名詞,3
1282,同調,同調,名詞,3
1283,憲法,憲法,名詞,3
1284,人権,人権,名詞,3
1285,思想,思想,名詞,3
1286,企業,企業,名詞,3
1287,審査,審査,名詞,3
1288,出席,出席,名詞,3
1289,資料,資料,名詞,3
1290,スロープ,スロープ,名詞,3
1291,サービス付き高齢者向け住宅,サービス付き高齢者向け住宅,名詞,3
1292,頑固,頑固,形状詞,3
1293,変わり,変わり,名詞,3
1294,動脈,動脈,名詞,3
1295,硝子,硝子,名詞,3
1296,網膜症,網膜症,名詞,3
1297,崩す,崩し,動詞,3
1298,初日,初日,名詞,3
1299,疥癬,疥癬,名詞,3
1300,ゴロゴロ,ゴロゴロ,副詞,3
1301,尿量,尿量,名詞,3
1302,縮小,縮小,名詞,3
1303,取り引き,取り引き,名詞,3
1304,貧血,貧血,名詞,3
1305,明るさ,明るさ,名詞,3
1306,後屈,後屈,名詞,3
1307,気味,気味,名詞,3
1308,市販,市販,名詞,3
1309,導尿,導尿,名詞,3
1310,保温,保温,名詞,3
1311,水頭症,水頭症,名詞,3
1312,スケール,スケール,名詞,3
1313,昔,昔,名詞,3
1314,世代,世代,名詞,3
1315,帰れる,帰れ,動詞,3
1316,直接的,直接的,名詞,3
1317,対処,対処,名詞,3
1318,人間的,人間的,名詞,3
1319,復権,復権,名詞,3
1320,着目,着目,名詞,3
1321,遅れ,遅れ,名詞,3
1322,流れ,流れ,名詞,3
1323,難病,難病,名詞,3
1324,悪性,悪性,名詞,3
1325,アドバイス,アドバイス,名詞,3
1326,有効期限,有効期限,名詞,3
1327,反映,反映,名詞,3
1328,清浄,清浄,名詞,3
1329,名乗る,名乗る,動詞,3
1330,信用,信用,名詞,3
1331,特別,特別,形状詞,3
1332,行事,行事,名詞,3
1333,災害対策基本法,災害対策基本法,名詞,3
1334,想定,想定,名詞,3
1335,販売,販売,名詞,3
1336,困惑,困惑,名詞,3
1337,解除,解除,名詞,3
1338,被害,被害,名詞,3
1339,日間,日間,名詞,3
1340,要介護状態,要介護状態,名詞,3
1341,通院,通院,名詞,3
1342,衰弱,衰弱,名詞,3
1343,述べる,述べ,動詞,3
1344,設ける,設ける,動詞,3
1345,歯磨き,歯磨き,名詞,3
1346,カレー,カレー,名詞,3
1347,常温,常温,名詞,3
1348,まな板,まな板,名詞,3
1349,亢進,亢進,名詞,3
1350,回腸,回腸,名詞,3
1351,カロリー,カロリー,名詞,3
1352,素材,素材,名詞,3
1353,塩素,塩素,名詞,3
1354,逆転,逆転,名詞,3
1355,再開,再開,名詞,3
1356,時間帯,時間帯,名詞,3
1357,熱心,熱心,形状詞,3
1358,衝突,衝突,名詞,3
1359,デイサー,デイサー,名詞,3
1360,ビス,ビス,名詞,3
1361,ショー,ショー,名詞,3
1362,トステイ,トステイ,名詞,3
1363,事由,事由,名詞,3
1364,バイク,バイク,名詞,3
1365,切断,切断,名詞,3
1366,術,術,名詞,3
1367,だんずる,だんじ,動詞,3
1368,中退,中退,名詞,3
1369,給付金,給付金,名詞,3
1370,代金,代金,名詞,3
1371,戸惑う,戸惑っ,動詞,3
1372,発話,発話,名詞,3
1373,双方向,双方向,名詞,3
1374,生存,生存,名詞,3
1375,パーソナリティ,パーソナリティ,名詞,3
1376,構成員,構成員,名詞,3
1377,禁ずる,禁じ,動詞,3
1378,教育,教育,名詞,3
1379,対象家族,対象家族,名詞,3
1380,利用者負担,利用者負担,名詞,3
1381,全額,全額,名詞,3
1382,補足,補足,名詞,3
1383,資産,資産,名詞,3
1384,人材,人材,名詞,3
1385,責務,責務,名詞,3
1386,ライチャード,ライチャード,名詞,3
1387,老年期,老年期,名詞,3
1388,円熟,円熟,名詞,3
1389,自責,自責,名詞,3
1390,依存,依存,名詞,3
1391,放置,放置,名詞,3
1392,顔色,顔色,名詞,3
1393,低血糖,低血糖,名詞,3
1394,顔面,顔面,名詞,3
1395,家庭内,家庭内,名詞,3
1396,レストレスレッグス,レストレスレッグス,名詞,3
1397,標準的,標準的,名詞,3
1398,エイジズム,エイジズム,名詞,3
1399,前立腺,前立腺,名詞,3
1400,肥大,肥大,名詞,3
1401,両膝,両膝,名詞,3
1402,選定,選定,名詞,3
1403,CDR,ＣＤＲ,名詞,3
1404,仕方,仕方,名詞,3
1405,ヴォルフェンスベルガー,ヴォルフェンスベルガー,名詞,3
1406,大半,大半,名詞,3
1407,色素,色素,名詞,3
1408,分岐,分岐,名詞,3
1409,滴下,滴下,名詞,3
1410,民間,民間,名詞,3
1411,茶道,茶道,名詞,3
1412,教員,教員,名詞,3
1413,報酬,報酬,名詞,3
1414,緊急時,緊急時,名詞,3
1415,記号,記号,名詞,3
1416,病状,病状,名詞,3
1417,耐える,耐え,動詞,3
1418,戻れる,戻れる,動詞,3
1419,共感的,共感的,名詞,3
1420,問いかけ,問いかけ,名詞,3
1421,機械,機械,名詞,3
1422,抽象的,抽象的,名詞,3
1423,マーク,マーク,名詞,3
1424,ガスコンロ,ガスコンロ,名詞,3
1425,整容,整容,名詞,3
1426,外出先,外出先,名詞,3
1427,座り直す,座り直す,動詞,3
1428,喘息,喘息,名詞,3
1429,ファーラー,ファーラー,名詞,3
1430,多点,多点,名詞,3
1431,入手,入手,名詞,3
1432,流水,流水,名詞,3
1433,洗剤,洗剤,名詞,3
1434,境目,境目,名詞,3
1435,衣装,衣装,名詞,3
1436,高温,高温,名詞,3
1437,寝台,寝台,名詞,3
1438,暮らし,暮らし,名詞,3
1439,小腸,小腸,名詞,3
1440,涙,涙,名詞,3
1441,造園業,造園業,名詞,3
1442,身寄り,身寄り,名詞,3
1443,治まる,治まっ,動詞,3
1444,ソーシャルワーカー,ソーシャルワーカー,名詞,3
1445,足指,足指,名詞,3
1446,交える,交え,動詞,3
1447,責任感,責任感,名詞,3
1448,真面目,真面目,形状詞,3
1449,思考力,思考力,名詞,3
1450,寝つき,寝つき,名詞,3
1451,セルフ,セルフ,名詞,3
1452,在り方,在り方,名詞,3
1453,間代,間代,名詞,3
1454,重積,重積,名詞,3
1455,ストレングス,ストレングス,名詞,3
1456,覚知,覚知,名詞,3
1457,距離,距離,名詞,3
1458,公助,公助,名詞,3
1459,税,税,名詞,3
1460,第一号被保険者,第一号被保険者,名詞,3
1461,訪問型,訪問型,名詞,3
1462,統計,統計,名詞,3
1463,選任,選任,名詞,3
1464,性状,性状,名詞,3
1465,整頓,整頓,名詞,3
1466,要求,要求,名詞,3
1467,日常的,日常的,名詞,3
1468,指す,指す,動詞,3
1469,聞き取れる,聞き取れ,動詞,3
1470,叱る,叱っ,動詞,3
1471,滑る,滑り,動詞,3
1472,ユニバーサルデザイン,ユニバーサルデザイン,名詞,3
1473,離す,離す,動詞,3
1474,食道炎,食道炎,名詞,3
1475,最後,最後,名詞,3
1476,留置,留置,名詞,3
1477,死亡後,死亡後,名詞,3
1478,最終的,最終的,名詞,3
1479,交互,交互,名詞,3
1480,速やか,速やか,形状詞,3
1481,息切れ,息切れ,名詞,3
1482,チアノーゼ,チアノーゼ,名詞,3
1483,管理栄養士,管理栄養士,名詞,3
1484,発する,発する,動詞,3
1485,免疫,免疫,名詞,3
1486,相当,相当,名詞,3
1487,受け取る,受け取る,動詞,3
1488,局在,局在,名詞,3
1489,頭頂,頭頂,名詞,3
1490,早期,早期,名詞,3
1491,習慣,習慣,名詞,3
1492,通過,通過,名詞,3
1493,書面,書面,名詞,3
1494,リビングウィル,リビングウィル,名詞,3
1495,デスカンファレンス,デスカンファレンス,名詞,3
1496,賞味期限,賞味期限,名詞,3
1497,歯磨き粉,歯磨き粉,名詞,3
1498,入退院,入退院,名詞,3
1499,ソーシャル,ソーシャル,名詞,3
1500,優生,優生,名詞,3
1501,貧困,貧困,名詞,3
1502,当初,当初,名詞,3
1503,国民健康保険団体連合会,国民健康保険団体連合会,名詞,3
1504,送れる,送れる,動詞,3
1505,メイヤロフ,メイヤロフ,名詞,3
1506,ルール,ルール,名詞,3
1507,不明,不明,名詞,3
1508,使用者,使用者,名詞,3
1509,標準型,標準型,名詞,3
1510,バック,バック,名詞,3
1511,浮力,浮力,名詞,3
1512,水圧,水圧,名詞,3
1513,自然,自然,名詞,3
1514,上腕,上腕,名詞,3
1515,毛布,毛布,名詞,3
1516,アドバンス,アドバンス,名詞,3
1517,プランニング,プランニング,名詞,3
1518,申し送り,申し送り,名詞,3
1519,健康診断,健康診断,名詞,3
1520,欠陥,欠陥,名詞,3
1521,老人福祉,老人福祉,名詞,3
1522,掲げる,掲げる,動詞,3
1523,弱まる,弱まる,動詞,3
1524,低め,低め,形状詞,3
1525,バイタル,バイタル,形状詞,3
1526,身体障害者福祉法,身体障害者福祉法,名詞,3
1527,暴言,暴言,名詞,3
1528,財産,財産,名詞,3
1529,ノンレム,ノンレム,名詞,3
1530,丁寧,丁寧,形状詞,3
1531,付き合い,付き合い,名詞,3
1532,一人娘,一人娘,名詞,3
1533,驚く,驚い,動詞,3
1534,リアリティ,リアリティ,名詞,3
1535,オリエンテーション,オリエンテーション,名詞,3
1536,マスク,マスク,名詞,3
1537,菓子,菓子,名詞,3
1538,インフォーマル,インフォーマル,形状詞,3
1539,増進,増進,名詞,3
1540,転換,転換,名詞,3
1541,軽費,軽費,名詞,3
1542,結核,結核,名詞,3
1543,お世話,お世話,名詞,3
1544,性的,性的,形状詞,3
1545,正面,正面,名詞,3
1546,都合,都合,名詞,3
1547,先天性,先天性,名詞,3
1548,全盲,全盲,名詞,3
1549,衰え,衰え,名詞,3
1550,共感的理解,共感的理解,名詞,3
1551,屈曲,屈曲,名詞,3
1552,右肘,右肘,名詞,3
1553,空腹,空腹,名詞,3
1554,座面,座面,名詞,3
1555,軟らかい,軟らかく,形容詞,3
1556,塗布,塗布,名詞,3
1557,我が国,我が国,名詞,3
1558,死因,死因,名詞,3
1559,防衛,防衛,名詞,3
1560,精神病,精神病,名詞,3
1561,日付,日付,名詞,3
1562,ライフ,ライフ,名詞,3
1563,翌朝,翌朝,名詞,3
1564,片付ける,片付ける,動詞,3
1565,片側,片側,名詞,3
1566,深める,深める,動詞,3
1567,寄り添う,寄り添い,動詞,3
1568,嫉妬,嫉妬,名詞,3
1569,基底,基底,名詞,3
1570,不良,不良,名詞,3
1571,固形,固形,名詞,3
1572,液状,液状,名詞,3
1573,湯沸し,湯沸し,名詞,3
1574,ポット,ポット,名詞,3
1575,お祭り,お祭り,名詞,3
1576,他害,他害,名詞,3
1577,受給,受給,名詞,3
1578,コーピング,コーピング,名詞,3
1579,面談,面談,名詞,3
1580,提言,提言,名詞,3
1581,申込み,申込み,名詞,3
1582,適正化,適正化,名詞,3
1583,申し出,申し出,名詞,3
1584,拡大,拡大,名詞,3
1585,東京,東京,名詞,3
1586,パラリンピック,パラリンピック,名詞,3
1587,競技,競技,名詞,3
1588,格子,格子,名詞,3
1589,罰,罰,名詞,3
1590,志向,志向,名詞,3
1591,普及,普及,名詞,3
1592,裁縫,裁縫,名詞,3
1593,マネジメント,マネジメント,名詞,3
1594,巻く,巻く,動詞,3
1595,軟膏,軟膏,名詞,3
1596,洗身,洗身,名詞,3
1597,雪かき,雪かき,名詞,3
1598,観点,観点,名詞,3
1599,公共職業安定所,公共職業安定所,名詞,3
1600,中耳,中耳,名詞,3
1601,心筋,心筋,名詞,3
1602,関与,関与,名詞,3
1603,振る,振っ,動詞,3
1604,改修費,改修費,名詞,3
1605,届く,届い,動詞,3
1606,付く,付く,動詞,3
1607,実施中,実施中,名詞,3
1608,演奏,演奏,名詞,3
1609,完成,完成,名詞,3
1610,会社員,会社員,名詞,3
1611,第1号被保険者,第1号被保険者,名詞,3
1612,尺度,尺度,名詞,3
1613,判定基準,判定基準,名詞,3
1614,飼う,飼っ,動詞,3
1615,ティッシュペーパー,ティッシュペーパー,名詞,3
1616,説明書,説明書,名詞,3
1617,チェック表,チェック表,名詞,3
1618,歯みがき,歯みがき,名詞,3
1619,上体,上体,名詞,3
1620,済む,済ま,動詞,3
1621,リスト,リスト,名詞,3
1622,カフ,カフ,名詞,3
1623,隣室,隣室,名詞,3
1624,捻挫,捻挫,名詞,2
1625,完治,完治,名詞,2
1626,就く,就く,動詞,2
1627,近づける,近づける,動詞,2
1628,ジョハリの窓,ジョハリの窓,名詞,2
1629,開放,開放,名詞,2
1630,支え,支え,名詞,2
1631,外界,外界,名詞,2
1632,明暗,明暗,名詞,2
1633,円滑,円滑,形状詞,2
1634,文字盤,文字盤,名詞,2
1635,想像,想像,名詞,2
1636,ロコモティブシンドローム,ロコモティブシンドローム,名詞,2
1637,年金保険,年金保険,名詞,2
1638,加入者,加入者,名詞,2
1639,総額,総額,名詞,2
1640,安否,安否,名詞,2
1641,明示,明示,名詞,2
1642,不当,不当,形状詞,2
1643,同居家族,同居家族,名詞,2
1644,情報共有,情報共有,名詞,2
1645,所有,所有,名詞,2
1646,支援策,支援策,名詞,2
1647,延髄,延髄,名詞,2
1648,気道,気道,名詞,2
1649,血糖値,血糖値,名詞,2
1650,散大,散大,名詞,2
1651,重力,重力,名詞,2
1652,僧帽筋,僧帽筋,名詞,2
1653,役立つ,役立つ,動詞,2
1654,係数,係数,名詞,2
1655,食塊,食塊,名詞,2
1656,活性化,活性化,名詞,2
1657,皮脂,皮脂,名詞,2
1658,湿潤,湿潤,名詞,2
1659,尊厳死,尊厳死,名詞,2
1660,安楽死,安楽死,名詞,2
1661,脳死,脳死,名詞,2
1662,書類,書類,名詞,2
1663,エリクソン,エリクソン,名詞,2
1664,生殖,生殖,名詞,2
1665,高年齢者等の雇用の安定等に関する法律,高年齢者等の雇用の安定等に関する法律,名詞,2
1666,高年齢,高年齢,名詞,2
1667,肝臓,肝臓,名詞,2
1668,短縮,短縮,名詞,2
1669,腎臓,腎臓,名詞,2
1670,相互作用,相互作用,名詞,2
1671,知的,知的,形状詞,2
1672,結晶,結晶,名詞,2
1673,甲状腺,甲状腺,名詞,2
1674,ふらふら,ふらふら,副詞,2
1675,冷や汗,冷や汗,名詞,2
1676,食前,食前,名詞,2
1677,内服薬,内服薬,名詞,2
1678,家庭的,家庭的,名詞,2
1679,仮性,仮性,名詞,2
1680,前期,前期,名詞,2
1681,病期,病期,名詞,2
1682,投与,投与,名詞,2
1683,講師,講師,名詞,2
1684,務める,務める,動詞,2
1685,訂正,訂正,名詞,2
1686,引き起こす,引き起こす,動詞,2
1687,誤認,誤認,名詞,2
1688,鑑賞,鑑賞,名詞,2
1689,急激,急激,形状詞,2
1690,念慮,念慮,名詞,2
1691,広汎性,広汎性,名詞,2
1692,正確,正確,名詞,2
1693,履物,履物,名詞,2
1694,製作,製作,名詞,2
1695,臨床,臨床,名詞,2
1696,面接,面接,名詞,2
1697,疲れ,疲れ,名詞,2
1698,辞める,辞める,動詞,2
1699,助産師,助産師,名詞,2
1700,細菌,細菌,名詞,2
1701,創造,創造,名詞,2
1702,QOL,ＱＯＬ,名詞,2
1703,リスクマネジメント,リスクマネジメント,名詞,2
1704,名誉,名誉,名詞,2
1705,静脈,静脈,名詞,2
1706,気軽,気軽,形状詞,2
1707,娯楽,娯楽,名詞,2
1708,囲む,囲む,動詞,2
1709,禁止行為,禁止行為,名詞,2
1710,代替,代替,名詞,2
1711,注目,注目,名詞,2
1712,パスワード,パスワード,名詞,2
1713,追及,追及,名詞,2
1714,指さす,指さし,動詞,2
1715,無理,無理,名詞,2
1716,目覚める,目覚め,動詞,2
1717,光源,光源,名詞,2
1718,肘かけ,肘かけ,名詞,2
1719,天井,天井,名詞,2
1720,爪やすり,爪やすり,名詞,2
1721,専用,専用,名詞,2
1722,厚手,厚手,名詞,2
1723,好み,好み,名詞,2
1724,前あき,前あき,名詞,2
1725,ファスナー,ファスナー,名詞,2
1726,ループ,ループ,名詞,2
1727,上衣,上衣,名詞,2
1728,ロフストランドクラッチ,ロフストランドクラッチ,名詞,2
1729,臍,臍,名詞,2
1730,咀嚼力,咀嚼力,名詞,2
1731,カリウム,カリウム,名詞,2
1732,コレステロール,コレステロール,名詞,2
1733,プライバシー,プライバシー,名詞,2
1734,チェアー,チェアー,名詞,2
1735,噴霧,噴霧,名詞,2
1736,洗面器,洗面器,名詞,2
1737,トイレットペーパー,トイレットペーパー,名詞,2
1738,煮物,煮物,名詞,2
1739,支出,支出,名詞,2
1740,右利き,右利き,名詞,2
1741,紅茶,紅茶,名詞,2
1742,明確化,明確化,名詞,2
1743,焦点,焦点,名詞,2
1744,目標設定,目標設定,名詞,2
1745,不適切,不適切,名詞,2
1746,掴む,掴ん,動詞,2
1747,使い捨て,使い捨て,名詞,2
1748,溶液,溶液,名詞,2
1749,増す,増し,動詞,2
1750,仮面,仮面,名詞,2
1751,ダウン,ダウン,名詞,2
1752,世話人,世話人,名詞,2
1753,きっと,きっと,副詞,2
1754,抑揚,抑揚,名詞,2
1755,身振り,身振り,名詞,2
1756,次回,次回,名詞,2
1757,バイステック,バイステック,名詞,2
1758,審判,審判,名詞,2
1759,正規雇用,正規雇用,名詞,2
1760,パート,パート,名詞,2
1761,ナショナルミニマム,ナショナルミニマム,名詞,2
1762,支え合い,支え合い,名詞,2
1763,幸福,幸福,名詞,2
1764,追求権,追求権,名詞,2
1765,財産権,財産権,名詞,2
1766,生存権,生存権,名詞,2
1767,無職,無職,名詞,2
1768,適用,適用,名詞,2
1769,国民健康保険,国民健康保険,名詞,2
1770,乗車,乗車,名詞,2
1771,提示,提示,名詞,2
1772,通訳者,通訳者,名詞,2
1773,市役所,市役所,名詞,2
1774,診断書,診断書,名詞,2
1775,特定健康診査,特定健康診査,名詞,2
1776,扶養,扶養,名詞,2
1777,洗面,洗面,名詞,2
1778,適応機制,適応機制,名詞,2
1779,反動,反動,名詞,2
1780,昇華,昇華,名詞,2
1781,リンパ管,リンパ管,名詞,2
1782,左心室,左心室,名詞,2
1783,大静脈,大静脈,名詞,2
1784,肺動脈,肺動脈,名詞,2
1785,結膜,結膜,名詞,2
1786,充血,充血,名詞,2
1787,白内障,白内障,名詞,2
1788,酵素,酵素,名詞,2
1789,成分,成分,名詞,2
1790,タンパク質,タンパク質,名詞,2
1791,糖質,糖質,名詞,2
1792,脂質,脂質,名詞,2
1793,丘疹,丘疹,名詞,2
1794,欠乏,欠乏,名詞,2
1795,蕁麻疹,蕁麻疹,名詞,2
1796,発熱,発熱,名詞,2
1797,再生,再生,名詞,2
1798,あらかじめ,あらかじめ,副詞,2
1799,助ける,助け,動詞,2
1800,個人差,個人差,名詞,2
1801,混じる,混じる,動詞,2
1802,飲水,飲水,名詞,2
1803,探し物,探し物,名詞,2
1804,長谷川,長谷川,名詞,2
1805,有用,有用,名詞,2
1806,思い出せる,思い出せ,動詞,2
1807,早期発見,早期発見,名詞,2
1808,引っ越す,引っ越し,動詞,2
1809,米,米,名詞,2
1810,ソーシャルインクルージョン,ソーシャルインクルージョン,名詞,2
1811,支え合う,支え合う,動詞,2
1812,集中力,集中力,名詞,2
1813,思考,思考,名詞,2
1814,待てる,待て,動詞,2
1815,潰瘍,潰瘍,名詞,2
1816,児童相談所,児童相談所,名詞,2
1817,循環,循環,名詞,2
1818,受入れ,受入れ,名詞,2
1819,か国,か国,名詞,2
1820,在留,在留,名詞,2
1821,従事,従事,名詞,2
1822,合格,合格,名詞,2
1823,退職時,退職時,名詞,2
1824,長期間,長期間,名詞,2
1825,撮影,撮影,名詞,2
1826,消火,消火,名詞,2
1827,破産,破産,名詞,2
1828,介護休業法,介護休業法,名詞,2
1829,休暇,休暇,名詞,2
1830,就学,就学,名詞,2
1831,ストレスチェック制度,ストレスチェック制度,名詞,2
1832,ストレスチェック,ストレスチェック,名詞,2
1833,運動性,運動性,名詞,2
1834,飲める,飲め,動詞,2
1835,結論,結論,名詞,2
1836,軽微,軽微,名詞,2
1837,批判,批判,名詞,2
1838,掃く,掃く,動詞,2
1839,ガラス,ガラス,名詞,2
1840,雑巾,雑巾,名詞,2
1841,頚椎,頚椎,名詞,2
1842,歯肉,歯肉,名詞,2
1843,サイズ,サイズ,名詞,2
1844,斜め,斜め,名詞,2
1845,後輪,後輪,名詞,2
1846,両腕,両腕,名詞,2
1847,砂利道,砂利道,名詞,2
1848,解凍,解凍,名詞,2
1849,冷凍,冷凍,名詞,2
1850,飲食物,飲食物,名詞,2
1851,プリン,プリン,名詞,2
1852,誘発,誘発,名詞,2
1853,排泄物,排泄物,名詞,2
1854,熱い,熱い,形容詞,2
1855,心不全,心不全,名詞,2
1856,処置,処置,名詞,2
1857,着物,着物,名詞,2
1858,違い,違い,名詞,2
1859,ありのまま,ありのまま,名詞,2
1860,集約,集約,名詞,2
1861,評価基準,評価基準,名詞,2
1862,パンツ,パンツ,名詞,2
1863,精神保健及び精神障害者福祉に関する法律,精神保健及び精神障害者福祉に関する法律,名詞,2
1864,定時,定時,名詞,2
1865,仮眠,仮眠,名詞,2
1866,自家用車,自家用車,名詞,2
1867,経済的負担,経済的負担,名詞,2
1868,購入費,購入費,名詞,2
1869,告げる,告げ,動詞,2
1870,フランクル,フランクル,名詞,2
1871,通ずる,通じ,動詞,2
1872,撤廃,撤廃,名詞,2
1873,一方的,一方的,名詞,2
1874,打つ,打ち,動詞,2
1875,祖母,祖母,名詞,2
1876,無意識,無意識,名詞,2
1877,発散,発散,名詞,2
1878,口癖,口癖,名詞,2
1879,嫌悪,嫌悪,名詞,2
1880,過剰,過剰,名詞,2
1881,対話,対話,名詞,2
1882,社会化,社会化,名詞,2
1883,ダブルケア,ダブルケア,名詞,2
1884,活躍,活躍,名詞,2
1885,コミュニティ,コミュニティ,名詞,2
1886,重点,重点,名詞,2
1887,育児休業,育児休業,名詞,2
1888,雇用主,雇用主,名詞,2
1889,配偶者,配偶者,名詞,2
1890,父母,父母,名詞,2
1891,面倒,面倒,名詞,2
1892,転職,転職,名詞,2
1893,災害補償,災害補償,名詞,2
1894,従業員,従業員,名詞,2
1895,施行,施行,名詞,2
1896,改正内容,改正内容,名詞,2
1897,食費,食費,名詞,2
1898,居住費,居住費,名詞,2
1899,訪問支援,訪問支援,名詞,2
1900,精神保健福祉士,精神保健福祉士,名詞,2
1901,栄養士,栄養士,名詞,2
1902,改めて,改めて,副詞,2
1903,設立,設立,名詞,2
1904,知事,知事,名詞,2
1905,公表,公表,名詞,2
1906,評議員,評議員,名詞,2
1907,指針,指針,名詞,2
1908,好む,好む,動詞,2
1909,濃縮,濃縮,名詞,2
1910,舌下,舌下,名詞,2
1911,閉鎖,閉鎖,名詞,2
1912,好発,好発,名詞,2
1913,括約筋,括約筋,名詞,2
1914,意識的,意識的,名詞,2
1915,遺伝性,遺伝性,名詞,2
1916,肺がん,肺がん,名詞,2
1917,いきなり,いきなり,副詞,2
1918,厳しい,厳しい,形容詞,2
1919,乳幼児,乳幼児,名詞,2
1920,喃語,喃語,名詞,2
1921,振動,振動,名詞,2
1922,混合,混合,名詞,2
1923,保佐人,保佐人,名詞,2
1924,スコア,スコア,名詞,2
1925,全般的,全般的,名詞,2
1926,段階的,段階的,名詞,2
1927,クロイツフェルト,クロイツフェルト,名詞,2
1928,ヤコブ,ヤコブ,名詞,2
1929,最善,最善,名詞,2
1930,ロバーツ,ロバーツ,名詞,2
1931,見捨てる,見捨て,動詞,2
1932,合併,合併,名詞,2
1933,夜盲,夜盲,名詞,2
1934,上田,上田,名詞,2
1935,理論,理論,名詞,2
1936,持ち手,持ち手,名詞,2
1937,現時点,現時点,名詞,2
1938,プッシュ,プッシュ,名詞,2
1939,カウンセリング,カウンセリング,名詞,2
1940,予防策,予防策,名詞,2
1941,深さ,深さ,名詞,2
1942,イルリガートル,イルリガートル,名詞,2
1943,エタノール,エタノール,名詞,2
1944,師範,師範,名詞,2
1945,実家,実家,名詞,2
1946,緑茶,緑茶,名詞,2
1947,定年,定年,名詞,2
1948,伴奏,伴奏,名詞,2
1949,教え子,教え子,名詞,2
1950,構成要素,構成要素,名詞,2
1951,同一,同一,形状詞,2
1952,職務,職務,名詞,2
1953,携帯電話,携帯電話,名詞,2
1954,共用,共用,名詞,2
1955,燃え尽きる,燃え尽き,動詞,2
1956,バーンアウト,バーンアウト,名詞,2
1957,疲労感,疲労感,名詞,2
1958,教諭,教諭,名詞,2
1959,嬉しい,嬉し,形容詞,2
1960,改める,改める,動詞,2
1961,埋め込む,埋め込ま,動詞,2
1962,肯定,肯定,名詞,2
1963,ポイント,ポイント,名詞,2
1964,下記,下記,名詞,2
1965,オストメイト,オストメイト,名詞,2
1966,エプロン,エプロン,名詞,2
1967,予備,予備,名詞,2
1968,ガーグルベースン,ガーグルベースン,名詞,2
1969,ドライシャンプー,ドライシャンプー,名詞,2
1970,ピンセット,ピンセット,名詞,2
1971,洗顔,洗顔,名詞,2
1972,身頃,身頃,名詞,2
1973,結ぶ,結ぶ,動詞,2
1974,引き上げる,引き上げる,動詞,2
1975,クラッチ,クラッチ,名詞,2
1976,酸味,酸味,名詞,2
1977,体格指数,体格指数,名詞,2
1978,BMI,ＢＭＩ,名詞,2
1979,パッド,パッド,名詞,2
1980,頭皮,頭皮,名詞,2
1981,生え際,生え際,名詞,2
1982,保湿剤,保湿剤,名詞,2
1983,込む,込ん,動詞,2
1984,尿臭,尿臭,名詞,2
1985,替える,替え,動詞,2
1986,補充,補充,名詞,2
1987,日当たり,日当たり,名詞,2
1988,干し,干し,名詞,2
1989,日陰,日陰,名詞,2
1990,平干し,平干し,名詞,2
1991,規則,規則,名詞,2
1992,冷罨法,冷罨法,名詞,2
1993,詩吟,詩吟,名詞,2
1994,聞き取り,聞き取り,名詞,2
1995,個々,個々,名詞,2
1996,脚立,脚立,名詞,2
1997,相当,相当,副詞,2
1998,タイミング,タイミング,名詞,2
1999,カーペット,カーペット,名詞,2
2000,不振,不振,名詞,2
2001,父子,父子,名詞,2
2002,向き合う,向き合う,動詞,2
2003,突然,突然,副詞,2
2004,押さえる,押さえ,動詞,2
2005,そんな,そんな,形状詞,2
2006,相互扶助,相互扶助,名詞,2
2007,無料,無料,名詞,2
2008,予算,予算,名詞,2
2009,努力義務,努力義務,名詞,2
2010,芸術,芸術,名詞,2
2011,支給申請,支給申請,名詞,2
2012,事件,事件,名詞,2
2013,概況,概況,名詞,2
2014,最高,最高,名詞,2
2015,裁判所,裁判所,名詞,2
2016,総局,総局,名詞,2
2017,文化的,文化的,名詞,2
2018,片づける,片づけ,動詞,2
2019,俳句,俳句,名詞,2
2020,床面,床面,名詞,2
2021,バランス,バランス,名詞,2
2022,バスタオル,バスタオル,名詞,2
2023,白書,白書,名詞,2
2024,無効,無効,名詞,2
2025,中度,中度,名詞,2
2026,照らす,照らし,動詞,2
2027,許す,許さ,動詞,2
2028,介入,介入,名詞,2
2029,無断,無断,名詞,2
2030,願望,願望,名詞,2
2031,地震,地震,名詞,2
2032,畳む,畳ん,動詞,2
2033,作り直す,作り直す,動詞,2
2034,昇る,昇る,動詞,2
2035,乳製品,乳製品,名詞,2
2036,トレー,トレー,名詞,2
2037,腸炎,腸炎,名詞,2
2038,ノロウイルス,ノロウイルス,名詞,2
2039,汚染,汚染,名詞,2
2040,不十分,不十分,名詞,2
2041,行政書士,行政書士,名詞,2
2042,時刻,時刻,名詞,2
2043,喘鳴,喘鳴,名詞,2
2044,ペースメーカー,ペースメーカー,名詞,2
2045,抽出,抽出,名詞,2
2046,次女,次女,名詞,2
2047,意欲的,意欲的,名詞,2
2048,体育,体育,名詞,2
2049,野球,野球,名詞,2
2050,遠く,遠く,名詞,2
2051,農業,農業,名詞,2
2052,そろそろ,そろそろ,副詞,2
2053,収穫,収穫,名詞,2
2054,うつむく,うつむい,動詞,2
2055,後継者,後継者,名詞,2
2056,解ける,解け,動詞,2
2057,参照,参照,名詞,2
2058,舌骨,舌骨,名詞,2
2059,咳嗽,咳嗽,名詞,2
2060,効率,効率,名詞,2
2061,血流,血流,名詞,2
2062,健康診査,健康診査,名詞,2
2063,清明,清明,名詞,2
2064,脂肪酸,脂肪酸,名詞,2
2065,高度,高度,形状詞,2
2066,GPS,ＧＰＳ,名詞,2
2067,納得,納得,名詞,2
2068,確立,確立,名詞,2
2069,迷う,迷い,動詞,2
2070,手助け,手助け,名詞,2
2071,果たす,果たす,動詞,2
2072,騒ぐ,騒ぐ,動詞,2
2073,依存症,依存症,名詞,2
2074,打ちつける,打ちつけ,動詞,2
2075,方向転換,方向転換,名詞,2
2076,身の回り,身の回り,名詞,2
2077,賞賛,賞賛,名詞,2
2078,側頭葉,側頭葉,名詞,2
2079,後頭葉,後頭葉,名詞,2
2080,頻尿,頻尿,名詞,2
2081,十分,十分,副詞,2
2082,角膜,角膜,名詞,2
2083,混濁,混濁,名詞,2
2084,死斑,死斑（しはん）,名詞,2
2085,浸漬,浸漬,名詞,2
2086,しんし,しんし,形状詞,2
2087,死滅,死滅,名詞,2
2088,関節症,関節症,名詞,2
2089,缶詰,缶詰,名詞,2
2090,コーディネーター,コーディネーター,名詞,2
2091,家族構成,家族構成,名詞,2
2092,インシデント,インシデント,名詞,2
2093,エコマップ,エコマップ,名詞,2
2094,フェイス,フェイス,名詞,2
2095,申し訳,申し訳,名詞,2
2096,悪口,悪口,名詞,2
2097,挑戦,挑戦,名詞,2
2098,長所,長所,名詞,2
2099,睡眠不足,睡眠不足,名詞,2
2100,当面,当面,副詞,2
2101,リッチモンド,リッチモンド,名詞,2
2102,ワーク,ワーク,名詞,2
2103,緊急,緊急,名詞,2
2104,採用,採用,名詞,2
2105,遊び,遊び,名詞,2
2106,変容,変容,名詞,2
2107,歳時,歳時,名詞,2
2108,生涯,生涯,名詞,2
2109,自治会,自治会,名詞,2
2110,六法,六法,名詞,2
2111,意見書,意見書,名詞,2
2112,一員,一員,名詞,2
2113,家計,家計,名詞,2
2114,ロール,ロール,名詞,2
2115,バロリゼーション,バロリゼーション,名詞,2
2116,無言,無言,名詞,2
2117,化粧,化粧,名詞,2
2118,配食,配食,名詞,2
2119,対立,対立,名詞,2
2120,両者,両者,名詞,2
2121,区切る,区切っ,動詞,2
2122,脱衣,脱衣,名詞,2
2123,床置き,床置き,名詞,2
2124,システム,システム,名詞,2
2125,引き戸,引き戸,名詞,2
2126,靴底,靴底,名詞,2
2127,踏切,踏切,名詞,2
2128,胸髄,胸髄,名詞,2
2129,ハンドリム,ハンドリム,名詞,2
2130,片手,片手,名詞,2
2131,たいそう,たいそう,形状詞,2
2132,全量,全量,名詞,2
2133,刻む,刻ん,動詞,2
2134,温熱,温熱,名詞,2
2135,指間,指間,名詞,2
2136,ナイロン,ナイロン,名詞,2
2137,通路,通路,名詞,2
2138,寄りかかる,寄りかかっ,動詞,2
2139,下腿,下腿,名詞,2
2140,吸い込む,吸い込み,動詞,2
2141,湿気,湿気,名詞,2
2142,必要性,必要性,名詞,2
2143,最終,最終,名詞,2
2144,ガイドライン,ガイドライン,名詞,2
2145,せいしき,せいしき,形状詞,2
2146,小学,小学,名詞,2
2147,入れ替わる,入れ替わっ,動詞,2
2148,誤り,誤り,名詞,2
2149,病的,病的,形状詞,2
2150,順序,順序,名詞,2
2151,身近,身近,形状詞,2
2152,積み重ねる,積み重ね,動詞,2
2153,大腸がん,大腸がん,名詞,2
2154,高血糖,高血糖,名詞,2
2155,持続,持続,名詞,2
2156,抗うつ薬,抗うつ薬,名詞,2
2157,鑑別,鑑別,名詞,2
2158,中断,中断,名詞,2
2159,極めて,極めて,副詞,2
2160,離床,離床,名詞,2
2161,さまざま,さまざま,形状詞,2
2162,抜き,抜き,名詞,2
2163,筋ジストロフィー,筋ジストロフィー,名詞,2
2164,中脳,中脳,名詞,2
2165,病変,病変,名詞,2
2166,線維,線維,名詞,2
2167,拒絶,拒絶,名詞,2
2168,高ぶる,高ぶる,動詞,2
2169,最大,最大,名詞,2
2170,眼鏡,眼鏡,名詞,2
2171,壊れる,壊れ,動詞,2
2172,粘膜,粘膜,名詞,2
2173,消費期限,消費期限,名詞,2
2174,フレイル,フレイル,名詞,2
2175,不穏,不穏,名詞,2
2176,急ぐ,急ぎ,動詞,2
2177,手法,手法,名詞,2
2178,ビジョン,ビジョン,名詞,2
2179,角化,角化,名詞,2
2180,素手,素手,名詞,2
2181,介護保険料,介護保険料,名詞,2
2182,道路,道路,名詞,2
2183,起伏,起伏,名詞,2
2184,親戚,親戚,名詞,2
2185,転院,転院,名詞,2
2186,ミルトン,ミルトン,名詞,2
2187,頼る,頼っ,動詞,2
2188,深夜,深夜,名詞,2
2189,ダメ,ダメ,名詞,2
2190,プラン,プラン,名詞,2
2191,最低限度,最低限度,名詞,2
2192,人員,人員,名詞,2
2193,取り巻く,取り巻く,動詞,2
2194,現役世代,現役世代,名詞,2
2195,OECD,ＯＥＣＤ,名詞,2
2196,上位,上位,名詞,2
2197,拡充,拡充,名詞,2
2198,基盤,基盤,名詞,2
2199,ロボット,ロボット,名詞,2
2200,具合,具合,名詞,2
2201,近年,近年,名詞,2
2202,所長,所長,名詞,2
2203,戸籍上,戸籍上,名詞,2
2204,性同一性障害,性同一性障害,名詞,2
2205,食べこぼし,食べこぼし,名詞,2
2206,スケジュール,スケジュール,名詞,2
2207,坂道,坂道,名詞,2
2208,高校生,高校生,名詞,2
2209,今度,今度,名詞,2
2210,フォーマル,フォーマル,形状詞,2
2211,スマートフォン,スマートフォン,名詞,2
2212,破棄,破棄,名詞,2
2213,周知,周知,名詞,2
2214,徹底,徹底,名詞,2
2215,緊張感,緊張感,名詞,2
2216,文書,文書,名詞,2
2217,騒音,騒音,名詞,2
2218,髄節,髄節,名詞,2
2219,外耳,外耳,名詞,2
2220,左肩,左肩,名詞,2
2221,大量,大量,名詞,2
2222,アーム,アーム,名詞,2
2223,献立,献立,名詞,2
2224,寒さ,寒さ,名詞,2
2225,左膝,左膝,名詞,2
2226,底面,底面,名詞,2
2227,浮かす,浮かし,動詞,2
2228,胸部,胸部,名詞,2
2229,隠す,隠し,動詞,2
2230,主成分,主成分,名詞,2
2231,漂白,漂白,名詞,2
2232,柄物,柄物,名詞,2
2233,返し縫い,返し縫い,名詞,2
2234,ベッドメイキング,ベッドメイキング,名詞,2
2235,良質,良質,形状詞,2
2236,老衰,老衰,名詞,2
2237,効率的,効率的,名詞,2
2238,資金,資金,名詞,2
2239,ため息,ため息,名詞,2
2240,語彙,語彙,名詞,2
2241,メラトニン,メラトニン,名詞,2
2242,ツール,ツール,名詞,2
2243,あいまい,あいまい,形状詞,2
2244,レビュー,レビュー,名詞,2
2245,バリデーション,バリデーション,名詞,2
2246,付着,付着,名詞,2
2247,同系,同系,名詞,2
2248,精神保健福祉法,精神保健福祉法,名詞,2
2249,半盲,半盲,名詞,2
2250,停止,停止,名詞,2
2251,専門家,専門家,名詞,2
2252,主導,主導,名詞,2
2253,心気,心気,名詞,2
2254,順応,順応,名詞,2
2255,不明瞭,不明瞭,名詞,2
2256,壊す,壊さ,動詞,2
2257,動脈血,動脈血,名詞,2
2258,水様,水様,名詞,2
2259,泥状,泥状,名詞,2
2260,体外,体外,名詞,2
2261,取り込む,取り込み,動詞,2
2262,白湯,白湯,名詞,2
2263,濃度,濃度,名詞,2
2264,散らかる,散らかっ,動詞,2
2265,幻聴,幻聴,名詞,2
2266,恐れ,恐れ,名詞,2
2267,ホワイトボード,ホワイトボード,名詞,2
2268,名義,名義,名詞,2
2269,蹴る,蹴っ,動詞,2
2270,全面的,全面的,名詞,2
2271,福祉課,福祉課,名詞,2
2272,様々,様々,形状詞,2
2273,積む,積む,動詞,2
2274,小遣い,小遣い,名詞,2
2275,来客,来客,名詞,2
2276,OJT,ＯＪＴ,名詞,2
2277,外部,外部,名詞,2
2278,助け合う,助け合い,動詞,2
2279,包摂,包摂,名詞,2
2280,バリアフリー,バリアフリー,名詞,2
2281,読み上げる,読み上げる,動詞,2
2282,障壁,障壁,名詞,2
2283,国際連合,国際連合,名詞,2
2284,個人情報保護法,個人情報保護法,名詞,2
2285,老齢,老齢,名詞,2
2286,装甲,装甲,名詞,2
2287,憤慨,憤慨,名詞,2
2288,運動野,運動野,名詞,2
2289,体性,体性,名詞,2
2290,うつ状態,うつ状態,名詞,2
2291,歯周病,歯周病,名詞,2
2292,内容物,内容物,名詞,2
2293,選択的,選択的,名詞,2
2294,大綱,大綱,名詞,2
2295,柱,柱,名詞,2
2296,啓発,啓発,名詞,2
2297,配布,配布,名詞,2
2298,水道代,水道代,名詞,2
2299,受付,受付,名詞,2
2300,契約内容,契約内容,名詞,2
2301,震える,震え,動詞,2
2302,資質,資質,名詞,2
2303,訪室,訪室,名詞,2
2304,キャリアパス,キャリアパス,名詞,2
2305,同席,同席,名詞,2
2306,付ける,付け,動詞,2
2307,診療,診療,名詞,2
2308,役割分担,役割分担,名詞,2
2309,両耳,両耳,名詞,2
2310,交代,交代,名詞,2
2311,勤務表,勤務表,名詞,2
2312,踏み出す,踏み出し,動詞,2
2313,幅,幅,名詞,2
2314,両端,両端,名詞,2
2315,触る,触る,動詞,2
2316,前開き,前開き,名詞,2
2317,前かがみ,前かがみ,名詞,2
2318,矢印,矢印,名詞,2
2319,姿,姿,名詞,2
2320,手掌,手掌,名詞,2
2321,ツアー,ツアー,名詞,2
2322,休憩,休憩,名詞,2
2323,中継,中継,名詞,2
2324,投げる,投げる,動詞,2
2325,顕著,顕著,形状詞,2
2326,立脚,立脚,名詞,2
2327,麻雀,麻雀,名詞,2
2328,労務管理,労務管理,名詞,2
2329,経営,経営,名詞,2
2330,退職後,退職後,名詞,2
2331,ゴルフ,ゴルフ,名詞,2
2332,高額,高額,名詞,2
2333,感染症法,感染症法,名詞,2
2334,扁桃,扁桃,名詞,2
2335,脈拍,脈拍,名詞,2
2336,骨格,骨格,名詞,2
2337,循環器,循環器,名詞,2
2338,砂,砂,名詞,2
2339,担任,担任,名詞,2
2340,閉店,閉店,名詞,2
2341,サルコペニア,サルコペニア,名詞,2
2342,取消し,取消し,名詞,2
2343,サポートカー,サポートカー,名詞,2
2344,責める,責める,動詞,2
2345,数日間,数日間,名詞,2
2346,市町村長,市町村長,名詞,2
2347,感音,感音,名詞,2
2348,計画的,計画的,名詞,2
2349,休憩時間,休憩時間,名詞,2
2350,年々,年々,名詞,2
2351,廃止,廃止,名詞,2
2352,傷つける,傷つける,動詞,2
2353,新聞紙,新聞紙,名詞,2
2354,守秘,守秘,名詞,2
2355,生活様式,生活様式,名詞,2
2356,垂直,垂直,名詞,2
2357,笑う,笑い,動詞,2
2358,返事,返事,名詞,2
2359,ドアノブ,ドアノブ,名詞,2
2360,テレビショッピング,テレビショッピング,名詞,2
2361,一般的,一般的,名詞,2
2362,握力,握力,名詞,2
2363,単純,単純,形状詞,2
2364,組立て,組立て,名詞,2
2365,不備,不備,名詞,2
2366,遵守,遵守,名詞,2
2367,コース,コース,名詞,2
2368,冊子,冊子,名詞,2
2369,隣町,隣町,名詞,2
2370,比較的,比較的,名詞,2
2371,マニュアル,マニュアル,名詞,2
2372,リーダー,リーダー,名詞,2
2373,フォロワーシップ,フォロワーシップ,名詞,2
2374,所轄,所轄,名詞,2
2375,頼れる,頼れる,動詞,2
2376,法定雇用率,法定雇用率,名詞,2
2377,年金制度,年金制度,名詞,2
2378,恐怖,恐怖,名詞,2
2379,情動,情動,名詞,2
2380,下垂体,下垂体,名詞,2
2381,鼻道,鼻道,名詞,2
2382,角質層,角質層,名詞,2
2383,後輩,後輩,名詞,2
2384,ときどき,ときどき,名詞,2
2385,エイジング,エイジング,名詞,2
2386,カラオケ,カラオケ,名詞,2
2387,ロッカー,ロッカー,名詞,2
2388,聴覚障害者,聴覚障害者,名詞,2
2389,預ける,預け,動詞,2
2390,胸骨,胸骨,名詞,2
2391,分泌物,分泌物,名詞,2
2392,膨満,膨満,名詞,2
2393,快適,快適,名詞,2
2394,協働,協働,名詞,2
2395,請求,請求,名詞,2
2396,次々,次々,副詞,2
2397,浸透,浸透,名詞,2
2398,開封,開封,名詞,2
2399,プレゼント,プレゼント,名詞,2
2400,いかが,いかが,形状詞,2
2401,ピクトグラム,ピクトグラム,名詞,2
2402,デザイン,デザイン,名詞,2
2403,診療所,診療所,名詞,2
2404,貸与,貸与,名詞,2
2405,公共,公共,名詞,2
2406,薄弱,薄弱,名詞,2
2407,言語的,言語的,名詞,2
2408,そっと,そっと,副詞,2
2409,お願い,お願い,名詞,2
2410,リビング,リビング,名詞,2
2411,右肩,右肩,名詞,2
2412,真ん中,真ん中,名詞,2
2413,グリア,グリア,名詞,2
2414,セクシュアリティ,セクシュアリティ,名詞,2
2415,ミーティング,ミーティング,名詞,2
2416,視覚的,視覚的,名詞,2
2417,模様,模様,名詞,2
2418,貯留,貯留,名詞,2
2419,弁当,弁当,名詞,2
2420,流動,流動,名詞,2
2421,軟便,軟便,名詞,2
2422,傾き,傾き,名詞,2
2423,気遣う,気遣う,動詞,1
2424,拒む,拒み,動詞,1
2425,方策,方策,名詞,1
2426,題,題,名詞,1
2427,強制的,強制的,名詞,1
2428,築く,築く,動詞,1
2429,先天的,先天的,名詞,1
2430,ろう者,ろう者,名詞,1
2431,以後,以後,名詞,1
2432,両眼,両眼,名詞,1
2433,触手,触手,名詞,1
2434,長寿,長寿,名詞,1
2435,延ばす,延ばす,動詞,1
2436,運動器症候群,運動器症候群,名詞,1
2437,死亡者数,死亡者数,名詞,1
2438,胃がん,胃がん,名詞,1
2439,成年者,成年者,名詞,1
2440,産前,産前,名詞,1
2441,産後,産後,名詞,1
2442,産休,産休,名詞,1
2443,産休中,産休中,名詞,1
2444,補塡,補塡,名詞,1
2445,育児一時金,育児一時金,名詞,1
2446,休業補償給付,休業補償給付,名詞,1
2447,傷病手当金,傷病手当金,名詞,1
2448,育児休業給付,育児休業給付,名詞,1
2449,出産手当金,出産手当金,名詞,1
2450,社会保険制度,社会保険制度,名詞,1
2451,労災保険,労災保険,名詞,1
2452,現金給付,現金給付,名詞,1
2453,現金,現金,名詞,1
2454,部門別,部門別,名詞,1
2455,理美容,理美容,名詞,1
2456,印鑑,印鑑,名詞,1
2457,草むしり,草むしり,名詞,1
2458,指定介護老人福祉施設,指定介護老人福祉施設,名詞,1
2459,差別的,差別的,名詞,1
2460,相談窓口,相談窓口,名詞,1
2461,高齢化,高齢化,名詞,1
2462,地方公共団体,地方公共団体,名詞,1
2463,不動産屋,不動産屋,名詞,1
2464,集金,集金,名詞,1
2465,松果体,松果体,名詞,1
2466,苔,苔,名詞,1
2467,胸鎖,胸鎖,名詞,1
2468,乳突,乳突,名詞,1
2469,適度,適度,形状詞,1
2470,侵襲,侵襲,名詞,1
2471,数値,数値,名詞,1
2472,軟口蓋,軟口蓋,名詞,1
2473,不感,不感,名詞,1
2474,蒸泄,蒸泄,名詞,1
2475,分布,分布,名詞,1
2476,創傷,創傷,名詞,1
2477,治癒,治癒,名詞,1
2478,加圧,加圧,名詞,1
2479,筋群,筋群,名詞,1
2480,過敏,過敏,名詞,1
2481,昏睡,昏睡,名詞,1
2482,代理人,代理人,名詞,1
2483,青年期,青年期,名詞,1
2484,信頼感,信頼感,名詞,1
2485,同一性,同一性,名詞,1
2486,親密,親密,名詞,1
2487,運転免許証,運転免許証,名詞,1
2488,脂溶性,脂溶性,名詞,1
2489,蓄積,蓄積,名詞,1
2490,振る舞う,振る舞う,動詞,1
2491,優越感,優越感,名詞,1
2492,補償,補償,名詞,1
2493,ひきこもる,ひきこもる,動詞,1
2494,無意識的,無意識的,名詞,1
2495,逃避,逃避,名詞,1
2496,いらいら,いらいら,名詞,1
2497,メニエール,メニエール,名詞,1
2498,立ちくらみ,立ちくらみ,名詞,1
2499,良性,良性,名詞,1
2500,頭位,頭位,名詞,1
2501,耳鳴り,耳鳴り,名詞,1
2502,不整脈,不整脈,名詞,1
2503,併せる,併せ,動詞,1
2504,長びく,長びい,動詞,1
2505,遅め,遅め,形状詞,1
2506,朝方,朝方,名詞,1
2507,炊事,炊事,名詞,1
2508,特化,特化,名詞,1
2509,几帳面,几帳面,形状詞,1
2510,反発,反発,名詞,1
2511,自己責任,自己責任,名詞,1
2512,伝音,伝音,名詞,1
2513,語音,語音,名詞,1
2514,自殺,自殺,名詞,1
2515,無関心,無関心,名詞,1
2516,協調,協調,名詞,1
2517,直腸障害,直腸障害,名詞,1
2518,実感,実感,名詞,1
2519,下図,下図,名詞,1
2520,サンダル,サンダル,名詞,1
2521,取れる,取れ,動詞,1
2522,講習,講習,名詞,1
2523,流動食,流動食,名詞,1
2524,腰かける,腰かけ,動詞,1
2525,付近,付近,名詞,1
2526,気泡,気泡,名詞,1
2527,合同,合同,名詞,1
2528,分科会,分科会,名詞,1
2529,具申,具申,名詞,1
2530,規制,規制,名詞,1
2531,続柄,続柄,名詞,1
2532,通報者,通報者,名詞,1
2533,側面,側面,名詞,1
2534,一声,一声,名詞,1
2535,湯飲み,湯飲み,名詞,1
2536,注ぐ,注い,動詞,1
2537,対極,対極,名詞,1
2538,概念,概念,名詞,1
2539,調和,調和,名詞,1
2540,乱す,乱さ,動詞,1
2541,深部,深部,名詞,1
2542,血栓症,血栓症,名詞,1
2543,エコノミークラス,エコノミークラス,名詞,1
2544,定員数,定員数,名詞,1
2545,完結,完結,名詞,1
2546,精神科医,精神科医,名詞,1
2547,手引き,手引き,名詞,1
2548,四方,四方,名詞,1
2549,永続,永続,名詞,1
2550,満たす,満たせ,動詞,1
2551,実際,実際,名詞,1
2552,中腰,中腰,名詞,1
2553,定期健診,定期健診,名詞,1
2554,勤務時間,勤務時間,名詞,1
2555,コルセット,コルセット,名詞,1
2556,静的,静的,形状詞,1
2557,ストレッチング,ストレッチング,名詞,1
2558,短期間,短期間,名詞,1
2559,話し手,話し手,名詞,1
2560,検討会,検討会,名詞,1
2561,家族情報,家族情報,名詞,1
2562,映像,映像,名詞,1
2563,住所,住所,名詞,1
2564,電子メール,電子メール,名詞,1
2565,送受信,送受信,名詞,1
2566,ヒヤリ,ヒヤリ,副詞,1
2567,ハット,ハット,名詞,1
2568,議事録,議事録,名詞,1
2569,退席,退席,名詞,1
2570,コード,コード,名詞,1
2571,動線,動線,名詞,1
2572,這う,這わ,動詞,1
2573,バスマット,バスマット,名詞,1
2574,腫れ,腫れ,名詞,1
2575,中央,中央,名詞,1
2576,柔らかめ,柔らかめ,形状詞,1
2577,服装,服装,名詞,1
2578,スライディングシート,スライディングシート,名詞,1
2579,握り,握り,名詞,1
2580,転子,転子,名詞,1
2581,腸骨,腸骨,名詞,1
2582,糖分,糖分,名詞,1
2583,乳酸菌,乳酸菌,名詞,1
2584,虚血性,虚血性,名詞,1
2585,平常,平常,名詞,1
2586,尿器,尿器,名詞,1
2587,腸管,腸管,名詞,1
2588,出血性,出血性,名詞,1
2589,大腸菌,大腸菌,名詞,1
2590,固い,固く,形容詞,1
2591,縛る,縛る,動詞,1
2592,白身,白身,名詞,1
2593,煮つけ,煮つけ,名詞,1
2594,ゆで卵,ゆで卵,名詞,1
2595,焼き肉,焼き肉,名詞,1
2596,商店街,商店街,名詞,1
2597,ネット,ネット,名詞,1
2598,シルバーカー,シルバーカー,名詞,1
2599,リフォーム,リフォーム,名詞,1
2600,実収入,実収入,名詞,1
2601,可処分,可処分,名詞,1
2602,和食,和食,名詞,1
2603,ストレッチ,ストレッチ,名詞,1
2604,多量,多量,名詞,1
2605,サーカディアン,サーカディアン,名詞,1
2606,トリプトファン,トリプトファン,名詞,1
2607,平日,平日,名詞,1
2608,緩和ケア,緩和ケア,名詞,1
2609,整合性,整合性,名詞,1
2610,主語,主語,名詞,1
2611,歩き回れる,歩き回れる,動詞,1
2612,交友,交友,名詞,1
2613,得点,得点,名詞,1
2614,方式,方式,名詞,1
2615,スクリーニング,スクリーニング,名詞,1
2616,インテーク,インテーク,名詞,1
2617,基く,基い,動詞,1
2618,嫌気,嫌気,名詞,1
2619,泊まれる,泊まれ,動詞,1
2620,湿布,湿布,名詞,1
2621,乾布,乾布,名詞,1
2622,ぬるめ,ぬるめ,形状詞,1
2623,熱め,熱め,形状詞,1
2624,背もたれ,背もたれ,名詞,1
2625,測る,測る,動詞,1
2626,起因,起因,名詞,1
2627,重要性,重要性,名詞,1
2628,ゆりかご,ゆりかご,名詞,1
2629,墓場,墓場,名詞,1
2630,制度設計,制度設計,名詞,1
2631,嫁ぐ,嫁い,動詞,1
2632,かわいい,かわいい,形容詞,1
2633,親切,親切,名詞,1
2634,ござる,ござい,動詞,1
2635,徹する,徹する,動詞,1
2636,高低,高低,名詞,1
2637,手振り,手振り,名詞,1
2638,言い分,言い分,名詞,1
2639,否定的,否定的,名詞,1
2640,ほぐす,ほぐす,動詞,1
2641,漠然,漠然,形状詞,1
2642,一旦,一旦,副詞,1
2643,全世帯,全世帯,名詞,1
2644,母子世帯,母子世帯,名詞,1
2645,終身雇用,終身雇用,名詞,1
2646,就業率,就業率,名詞,1
2647,雇用者数,雇用者数,名詞,1
2648,下回る,下回っ,動詞,1
2649,市場,市場,名詞,1
2650,専業主婦,専業主婦,名詞,1
2651,被扶養者,被扶養者,名詞,1
2652,労働者災害補償保険,労働者災害補償保険,名詞,1
2653,健康保険,健康保険,名詞,1
2654,基本理念,基本理念,名詞,1
2655,有する,有する,動詞,1
2656,営める,営める,動詞,1
2657,負傷,負傷,名詞,1
2658,講じる,講じる,動詞,1
2659,乗務員,乗務員,名詞,1
2660,店員,店員,名詞,1
2661,申出,申出,名詞,1
2662,主催者,主催者,名詞,1
2663,賃貸契約,賃貸契約,名詞,1
2664,不動産業,不動産業,名詞,1
2665,床ずれ,床ずれ,名詞,1
2666,胸囲,胸囲,名詞,1
2667,検診,検診,名詞,1
2668,希望者,希望者,名詞,1
2669,特定保健指導,特定保健指導,名詞,1
2670,持ち家,持ち家,名詞,1
2671,利用者負担額,利用者負担額,名詞,1
2672,義務者,義務者,名詞,1
2673,金融機関,金融機関,名詞,1
2674,借入れ,借入れ,名詞,1
2675,水洗,水洗,名詞,1
2676,便所,便所,名詞,1
2677,面積,面積,名詞,1
2678,単身,単身,名詞,1
2679,記銘,記銘,名詞,1
2680,代表,代表,名詞,1
2681,パブロフ,パブロフ,名詞,1
2682,もともと,もともと,副詞,1
2683,割る,割っ,動詞,1
2684,代える,代える,動詞,1
2685,どうせ,どうせ,副詞,1
2686,打ち切る,打ち切っ,動詞,1
2687,合理化,合理化,名詞,1
2688,血管系,血管系,名詞,1
2689,弁,弁,名詞,1
2690,体表,体表,名詞,1
2691,拍動,拍動,名詞,1
2692,眼,眼,名詞,1
2693,黄斑,黄斑,名詞,1
2694,流行性角結膜炎,流行性角結膜炎,名詞,1
2695,目やに,目やに,名詞,1
2696,生体,生体,名詞,1
2697,化学,化学,名詞,1
2698,主要,主要,形状詞,1
2699,無機質,無機質,名詞,1
2700,ミネラル,ミネラル,名詞,1
2701,しょうすい,しょうすい,名詞,1
2702,灰白色,灰白色,名詞,1
2703,線,線,名詞,1
2704,湿疹,湿疹,名詞,1
2705,麻薬,麻薬,名詞,1
2706,鎮痛剤,鎮痛剤,名詞,1
2707,腸閉塞,腸閉塞,名詞,1
2708,膀胱炎,膀胱炎,名詞,1
2709,残尿,残尿,名詞,1
2710,強力,強力,形状詞,1
2711,ぐっすり,ぐっすり,副詞,1
2712,不眠症,不眠症,名詞,1
2713,熟眠,熟眠,名詞,1
2714,時差,時差,名詞,1
2715,REM,REM,名詞,1
2716,暮れ,暮れ,名詞,1
2717,臨終,臨終,名詞,1
2718,規則的,規則的,名詞,1
2719,学説,学説,名詞,1
2720,エラー,エラー,名詞,1
2721,破局,破局,名詞,1
2722,消耗,消耗,名詞,1
2723,活性,活性,名詞,1
2724,フリーラジカル,フリーラジカル,名詞,1
2725,衰退,衰退,名詞,1
2726,DNA,DNA,名詞,1
2727,分裂,分裂,名詞,1
2728,安らか,安らか,形状詞,1
2729,助かる,助から,動詞,1
2730,絶望,絶望,名詞,1
2731,骨密度,骨密度,名詞,1
2732,肺活量,肺活量,名詞,1
2733,知覚,知覚,名詞,1
2734,まぶしい,まぶし,形容詞,1
2735,血,血,名詞,1
2736,大股,大股,名詞,1
2737,頻回,頻回,名詞,1
2738,無表情,無表情,名詞,1
2739,昨夜,昨夜,名詞,1
2740,風邪薬,風邪薬,名詞,1
2741,下半身,下半身,名詞,1
2742,すっきり,すっきり,副詞,1
2743,居場所,居場所,名詞,1
2744,悲しむ,悲しむ,動詞,1
2745,MRI,MRI,名詞,1
2746,MMSE,MMSE,名詞,1
2747,家族歴,家族歴,名詞,1
2748,既往,既往,名詞,1
2749,メタボリックシンドローム,メタボリックシンドローム,名詞,1
2750,ヒント,ヒント,名詞,1
2751,在職,在職,名詞,1
2752,気づき,気づき,名詞,1
2753,病名,病名,名詞,1
2754,告知,告知,名詞,1
2755,飯,飯,名詞,1
2756,海外,海外,名詞,1
2757,赴任中,赴任中,名詞,1
2758,制止,制止,名詞,1
2759,出入口,出入口,名詞,1
2760,通行止め,通行止め,名詞,1
2761,札,札,名詞,1
2762,スタッフ,スタッフ,名詞,1
2763,個別的,個別的,名詞,1
2764,作り出す,作り出さ,動詞,1
2765,行動変容,行動変容,名詞,1
2766,交通機関,交通機関,名詞,1
2767,動ける,動け,動詞,1
2768,対人,対人,名詞,1
2769,関連性,関連性,名詞,1
2770,統一性,統一性,名詞,1
2771,持てる,持て,動詞,1
2772,比喩,比喩,名詞,1
2773,来す,来す,動詞,1
2774,大腸炎,大腸炎,名詞,1
2775,靭帯,靭帯,名詞,1
2776,骨化,骨化,名詞,1
2777,抑え込む,抑え込もう,動詞,1
2778,置き換える,置き換える,動詞,1
2779,適当,適当,名詞,1
2780,正当化,正当化,名詞,1
2781,未熟,未熟,形状詞,1
2782,後戻り,後戻り,名詞,1
2783,通園,通園,名詞,1
2784,保育士,保育士,名詞,1
2785,保育,保育,名詞,1
2786,パルス,パルス,名詞,1
2787,オキシメータ,オキシメータ,名詞,1
2788,値,値,名詞,1
2789,基準値,基準値,名詞,1
2790,角度,角度,名詞,1
2791,とおり,とおり,名詞,1
2792,経済連携協定,経済連携協定,名詞,1
2793,東南,東南,名詞,1
2794,アジア,アジア,名詞,1
2795,受入れる,受入れ,動詞,1
2796,限り,限り,名詞,1
2797,法改正,法改正,名詞,1
2798,故障,故障,名詞,1
2799,適正,適正,形状詞,1
2800,失墜,失墜,名詞,1
2801,懲役,懲役,名詞,1
2802,罰金,罰金,名詞,1
2803,処する,処せ,動詞,1
2804,し終わる,し終わる,動詞,1
2805,何時間,何時間,名詞,1
2806,勤め,勤め,名詞,1
2807,絶える,絶え,動詞,1
2808,扱い,扱い,名詞,1
2809,都道府県域,都道府県域,名詞,1
2810,一体的,一体的,名詞,1
2811,救急隊,救急隊,名詞,1
2812,顔写真,顔写真,名詞,1
2813,広報誌,広報誌,名詞,1
2814,転居先,転居先,名詞,1
2815,消防法,消防法,名詞,1
2816,大規模,大規模,名詞,1
2817,拠点,拠点,名詞,1
2818,本部,本部,名詞,1
2819,名簿,名簿,名詞,1
2820,一昨,一昨,名詞,1
2821,高価,高価,名詞,1
2822,消費者,消費者,名詞,1
2823,育児休業期間,育児休業期間,名詞,1
2824,満,満,名詞,1
2825,短時間勤務制度,短時間勤務制度,名詞,1
2826,看護休暇,看護休暇,名詞,1
2827,付添い,付添い,名詞,1
2828,介護休暇,介護休暇,名詞,1
2829,メンタルヘルス,メンタルヘルス,名詞,1
2830,不調,不調,名詞,1
2831,未然,未然,名詞,1
2832,通知,通知,名詞,1
2833,もどかしい,もどかし,形容詞,1
2834,問いただす,問いただす,動詞,1
2835,気晴らし,気晴らし,名詞,1
2836,探しだす,探しだし,動詞,1
2837,しぼる,しぼり,動詞,1
2838,畳み,畳み,名詞,1
2839,離せる,離せ,動詞,1
2840,逝く,逝っ,動詞,1
2841,お迎え,お迎え,名詞,1
2842,ブレインストーミング,ブレインストーミング,名詞,1
2843,奇抜,奇抜,名詞,1
2844,数多く,数多く,副詞,1
2845,参考,参考,名詞,1
2846,ムヘルプサービス,ムヘルプサービス,名詞,1
2847,苦労,苦労,名詞,1
2848,見通せる,見通せる,動詞,1
2849,清掃,清掃,名詞,1
2850,茶殻,茶殻,名詞,1
2851,カビ取り,カビ取り,名詞,1
2852,散布,散布,名詞,1
2853,はたき,はたき,名詞,1
2854,ユニットケア,ユニットケア,名詞,1
2855,プライベート,プライベート,名詞,1
2856,喫茶,喫茶,名詞,1
2857,コーナー,コーナー,名詞,1
2858,集う,集う,動詞,1
2859,洗口液,洗口液,名詞,1
2860,薄手,薄手,形状詞,1
2861,通気性,通気性,名詞,1
2862,一回り,一回り,名詞,1
2863,防水性,防水性,名詞,1
2864,袖幅,袖幅,名詞,1
2865,なおす,なおす,動詞,1
2866,裏,裏,名詞,1
2867,後ろ向き,後ろ向き,名詞,1
2868,見取図,見取図,名詞,1
2869,列車,列車,名詞,1
2870,生食用,生食用,名詞,1
2871,海産,海産,名詞,1
2872,魚介類,魚介類,名詞,1
2873,塩水,塩水,名詞,1
2874,シチュー,シチュー,名詞,1
2875,レモンジュース,レモンジュース,名詞,1
2876,咳込む,咳込む,動詞,1
2877,崩れる,崩れ,動詞,1
2878,会陰,会陰,名詞,1
2879,メカニズム,メカニズム,名詞,1
2880,腸内,腸内,名詞,1
2881,蓮,蓮,名詞,1
2882,催す,催し,動詞,1
2883,ウエスト,ウエスト,名詞,1
2884,れんこん,れんこん,名詞,1
2885,ふさわしい,ふさわしい,形容詞,1
2886,節分,節分,名詞,1
2887,お節料理,お節料理,名詞,1
2888,桃の節句,桃の節句,名詞,1
2889,ひな祭り,ひな祭り,名詞,1
2890,柏餅,柏餅,名詞,1
2891,七草,七草,名詞,1
2892,土用,土用,名詞,1
2893,丑,丑,名詞,1
2894,うなぎ,うなぎ,名詞,1
2895,かば焼き,かば焼き,名詞,1
2896,冬至,冬至,名詞,1
2897,ちまき,ちまき,名詞,1
2898,生野菜,生野菜,名詞,1
2899,配分,配分,名詞,1
2900,肝,肝,名詞,1
2901,たんぱく,たんぱく,名詞,1
2902,エンゲル係数,エンゲル係数,名詞,1
2903,住居費,住居費,名詞,1
2904,水道光熱費,水道光熱費,名詞,1
2905,交際費,交際費,名詞,1
2906,教養,教養,名詞,1
2907,ほころび,ほころび,名詞,1
2908,破れ,破れ,名詞,1
2909,修理,修理,名詞,1
2910,カシミヤ,カシミヤ,名詞,1
2911,マジック,マジック,名詞,1
2912,沈みこむ,沈みこむ,動詞,1
2913,おなか,おなか,名詞,1
2914,セミファーラー,セミファーラー,名詞,1
2915,パブリックスペース,パブリックスペース,名詞,1
2916,帯紐,帯紐,名詞,1
2917,縦結び,縦結び,名詞,1
2918,専門性,専門性,名詞,1
2919,関連づける,関連づける,動詞,1
2920,現実的,現実的,名詞,1
2921,乖離,乖離,名詞,1
2922,安全性,安全性,名詞,1
2923,多角的,多角的,名詞,1
2924,短気,短気,名詞,1
2925,退所,退所,名詞,1
2926,抱き起こす,抱き起こす,動詞,1
2927,気温,気温,名詞,1
2928,なるべく,なるべく,副詞,1
2929,際,際,名詞,1
2930,傷病補償年金,傷病補償年金,名詞,1
2931,厚生年金,厚生年金,名詞,1
2932,児童扶養手当,児童扶養手当,名詞,1
2933,特別障害,特別障害,名詞,1
2934,ドライブレコーダー,ドライブレコーダー,名詞,1
2935,ガソリン,ガソリン,名詞,1
2936,有料道路,有料道路,名詞,1
2937,高速,高速,名詞,1
2938,国道,国道,名詞,1
2939,通行料金,通行料金,名詞,1
2940,ガソリンスタンド,ガソリンスタンド,名詞,1
2941,洗車,洗車,名詞,1
2942,料金,料金,名詞,1
2943,腱,腱,名詞,1
2944,断裂,断裂,名詞,1
2945,壊死,壊死,名詞,1
2946,霧,霧,名詞,1
2947,著作,著作,名詞,1
2948,公民権,公民権,名詞,1
2949,最低,最低,名詞,1
2950,ライフサイクル,ライフサイクル,名詞,1
2951,ノーマル,ノーマル,形状詞,1
2952,アパルトヘイト,アパルトヘイト,名詞,1
2953,人種隔離政策,人種隔離政策,名詞,1
2954,失聴,失聴,名詞,1
2955,多人数,多人数,名詞,1
2956,多用,多用,名詞,1
2957,キーワード,キーワード,名詞,1
2958,転移,転移,名詞,1
2959,嫌う,嫌っ,動詞,1
2960,敬意,敬意,名詞,1
2961,推察,推察,名詞,1
2962,衣食住,衣食住,名詞,1
2963,性欲,性欲,名詞,1
2964,くつろぎ,くつろぎ,名詞,1
2965,創出,創出,名詞,1
2966,法人格,法人格,名詞,1
2967,認定特定非営利活動法人,認定特定非営利活動法人,名詞,1
2968,税制,税制,名詞,1
2969,優遇措置,優遇措置,名詞,1
2970,救援,救援,名詞,1
2971,契約社員,契約社員,名詞,1
2972,連続,連続,名詞,1
2973,育児休業中,育児休業中,名詞,1
2974,給与支給,給与支給,名詞,1
2975,転入,転入,名詞,1
2976,再調整,再調整,名詞,1
2977,通勤,通勤,名詞,1
2978,途上,途上,名詞,1
2979,自営業者,自営業者,名詞,1
2980,位置づけ,位置づけ,名詞,1
2981,法令遵守,法令遵守,名詞,1
2982,義務づけ,義務づけ,名詞,1
2983,材料費,材料費,名詞,1
2984,実費,実費,名詞,1
2985,支給要件,支給要件,名詞,1
2986,手芸,手芸,名詞,1
2987,所在地,所在地,名詞,1
2988,届出,届出,名詞,1
2989,透明性,透明性,名詞,1
2990,財務諸表,財務諸表,名詞,1
2991,解放,解放,名詞,1
2992,グリコーゲン,グリコーゲン,名詞,1
2993,貯蔵,貯蔵,名詞,1
2994,副腎,副腎,名詞,1
2995,耳下腺,耳下腺,名詞,1
2996,導管,導管,名詞,1
2997,開口,開口,名詞,1
2998,抗菌,抗菌,名詞,1
2999,およそ,およそ,副詞,1
3000,ミキサー,ミキサー,名詞,1
3001,どきどき,どきどき,副詞,1
3002,ただちに,ただちに,副詞,1
3003,不慮,不慮,名詞,1
3004,事故死,事故死,名詞,1
3005,吐く,吐き,動詞,1
3006,摂る,摂り,動詞,1
3007,抗がん剤,抗がん剤,名詞,1
3008,心理状態,心理状態,名詞,1
3009,積み木,積み木,名詞,1
3010,アタッチメント,アタッチメント,名詞,1
3011,見方,見方,名詞,1
3012,視野,視野,名詞,1
3013,低周波,低周波,名詞,1
3014,感受性,感受性,名詞,1
3015,重なる,重なっ,動詞,1
3016,学習性無力感,学習性無力感,名詞,1
3017,陰性,陰性,名詞,1
3018,慢性疾患,慢性疾患,名詞,1
3019,腹筋,腹筋,名詞,1
3020,昇り降り,昇り降り,名詞,1
3021,整形外科,整形外科,名詞,1
3022,泊る,泊り,動詞,1
3023,案内,案内,名詞,1
3024,作図,作図,名詞,1
3025,一部分,一部分,名詞,1
3026,一種,一種,名詞,1
3027,貼付,貼付,名詞,1
3028,悪心,悪心,名詞,1
3029,献身的,献身的,名詞,1
3030,孝行,孝行,名詞,1
3031,慰める,慰める,動詞,1
3032,懸命,懸命,形状詞,1
3033,ソロモン,ソロモン,名詞,1
3034,職業的,職業的,名詞,1
3035,躁うつ,躁うつ,名詞,1
3036,強迫,強迫,名詞,1
3037,職場適応援助者,職場適応援助者,名詞,1
3038,ジョブコーチ,ジョブコーチ,名詞,1
3039,口内炎,口内炎,名詞,1
3040,眼圧,眼圧,名詞,1
3041,曲げる,曲げ,動詞,1
3042,病室,病室,名詞,1
3043,スタンダードプリコーション,スタンダードプリコーション,名詞,1
3044,取り扱う,取り扱う,動詞,1
3045,未使用,未使用,名詞,1
3046,切開,切開,名詞,1
3047,作動,作動,名詞,1
3048,劣化,劣化,名詞,1
3049,ボトル,ボトル,名詞,1
3050,固形化,固形化,名詞,1
3051,液面,液面,名詞,1
3052,介護離職,介護離職,名詞,1
3053,次第,次第,名詞,1
3054,来所,来所,名詞,1
3055,オペレーター,オペレーター,名詞,1
3056,一体型,一体型,名詞,1
3057,土石流,土石流,名詞,1
3058,地滑り,地滑り,名詞,1
3059,津波,津波,名詞,1
3060,スムーズ,スムーズ,形状詞,1
3061,寝かせる,寝かせ,動詞,1
3062,事故後,事故後,名詞,1
3063,洗面所,洗面所,名詞,1
3064,凝り,凝り,名詞,1
3065,無気力,無気力,名詞,1
3066,感動,感動,名詞,1
3067,負ける,負け,動詞,1
3068,かわいそう,かわいそう,形状詞,1
3069,誇り,誇り,名詞,1
3070,知恵,知恵,名詞,1
3071,ボディ,ボディ,名詞,1
3072,タッチ,タッチ,名詞,1
3073,パートタイム,パートタイム,名詞,1
3074,叙述,叙述,名詞,1
3075,論点,論点,名詞,1
3076,完了,完了,名詞,1
3077,揚げ物,揚げ物,名詞,1
3078,防火,防火,名詞,1
3079,材料,材料,名詞,1
3080,袖口,袖口,名詞,1
3081,鍋,鍋,名詞,1
3082,火災警報器,火災警報器,名詞,1
3083,火力,火力,名詞,1
3084,弾力性,弾力性,名詞,1
3085,トイレット,トイレット,名詞,1
3086,パー,パー,名詞,1
3087,取りつける,取りつける,動詞,1
3088,調理用具,調理用具,名詞,1
3089,頭上,頭上,名詞,1
3090,つり棚,つり棚,名詞,1
3091,歯磨剤,歯磨剤,名詞,1
3092,耳あか,耳あか,名詞,1
3093,背縫い,背縫い,名詞,1
3094,腰紐,腰紐,名詞,1
3095,結び目,結び目,名詞,1
3096,経路情報,経路情報,名詞,1
3097,折り畳み傘,折り畳み傘,名詞,1
3098,オーバー,オーバー,名詞,1
3099,伏せる,伏せる,動詞,1
3100,プラットホーム,プラットホーム,名詞,1
3101,松葉杖,松葉杖,名詞,1
3102,麺類,麺類,名詞,1
3103,濃い,濃く,形容詞,1
3104,左腕,左腕,名詞,1
3105,上唇,上唇,名詞,1
3106,枯れる,枯れる,動詞,1
3107,ギャッジ,ギャッジ,名詞,1
3108,露出,露出,名詞,1
3109,ケリー,ケリー,名詞,1
3110,濡らす,濡らす,動詞,1
3111,後頭部,後頭部,名詞,1
3112,余分,余分,名詞,1
3113,硫黄,硫黄,名詞,1
3114,腰上げ,腰上げ,名詞,1
3115,差し込む,差し込む,動詞,1
3116,両脚,両脚,名詞,1
3117,陰茎,陰茎,名詞,1
3118,待機,待機,名詞,1
3119,最中,最中,名詞,1
3120,収まる,収まっ,動詞,1
3121,漂う,漂っ,動詞,1
3122,濡れる,濡れ,動詞,1
3123,緊急度,緊急度,名詞,1
3124,布巾,布巾,名詞,1
3125,金属製,金属製,名詞,1
3126,刃,刃,名詞,1
3127,ナフタリン,ナフタリン,名詞,1
3128,パラジクロルベンゼン,パラジクロルベンゼン,名詞,1
3129,シリカゲル,シリカゲル,名詞,1
3130,ピレスロイド,ピレスロイド,名詞,1
3131,隣県,隣県,名詞,1
3132,合意,合意,名詞,1
3133,死去,死去,名詞,1
3134,お礼,お礼,名詞,1
3135,気遣い,気遣い,名詞,1
3136,打ち込む,打ち込む,動詞,1
3137,経験則,経験則,名詞,1
3138,優先順位,優先順位,名詞,1
3139,緊急性,緊急性,名詞,1
3140,自体,自体,名詞,1
3141,変更内容,変更内容,名詞,1
3142,レジ,レジ,名詞,1
3143,携わる,携わる,動詞,1
3144,外転,外転,名詞,1
3145,痛む,痛む,動詞,1
3146,涙ぐむ,涙ぐん,動詞,1
3147,退院前,退院前,名詞,1
3148,熱処理,熱処理,名詞,1
3149,ワセリン,ワセリン,名詞,1
3150,塗り薬,塗り薬,名詞,1
3151,治る,治り,動詞,1
3152,リワーク,リワーク,名詞,1
3153,レスパイト,レスパイト,名詞,1
3154,寡婦,寡婦,名詞,1
3155,児童発達支援管理責任者,児童発達支援管理責任者,名詞,1
3156,震わせる,震わせ,動詞,1
3157,慌てる,慌て,動詞,1
3158,迷い,迷い,名詞,1
3159,話合い,話合い,名詞,1
3160,特別養護老人ホーム,特別養護老人ホーム,名詞,1
3161,パターナリズム,パターナリズム,名詞,1
3162,洞察,洞察,名詞,1
3163,私生活,私生活,名詞,1
3164,長時間労働,長時間労働,名詞,1
3165,特質,特質,名詞,1
3166,時間外労働,時間外労働,名詞,1
3167,有給休暇,有給休暇,名詞,1
3168,正規雇用労働者,正規雇用労働者,名詞,1
3169,非正規雇用労働者,非正規雇用労働者,名詞,1
3170,待遇,待遇,名詞,1
3171,格差,格差,名詞,1
3172,当然,当然,形状詞,1
3173,中小企業,中小企業,名詞,1
3174,老齢基礎年金,老齢基礎年金,名詞,1
3175,財政,財政,名詞,1
3176,内訳,内訳,名詞,1
3177,社会保険料,社会保険料,名詞,1
3178,給付額,給付額,名詞,1
3179,振興,振興,名詞,1
3180,決まり,決まり,名詞,1
3181,古紙,古紙,名詞,1
3182,保佐,保佐,名詞,1
3183,申立て,申立て,名詞,1
3184,支払える,支払え,動詞,1
3185,無差別,無差別,名詞,1
3186,挽く,挽（ひ）い,動詞,1
3187,コーヒーメーカー,コーヒーメーカー,名詞,1
3188,美容院,美容院,名詞,1
3189,セット,セット,名詞,1
3190,カット,カット,名詞,1
3191,スタンド,スタンド,名詞,1
3192,美術館,美術館,名詞,1
3193,溜まる,溜まる,動詞,1
3194,活力,活力,名詞,1
3195,立てかける,立てかけ,動詞,1
3196,押し入れ,押し入れ,名詞,1
3197,換える,換え,動詞,1
3198,風呂場,風呂場,名詞,1
3199,打合せ,打合せ,名詞,1
3200,接触感染,接触感染,名詞,1
3201,直面,直面,名詞,1
3202,矛盾点,矛盾点,名詞,1
3203,簡潔,簡潔,名詞,1
3204,触覚,触覚,名詞,1
3205,強弱,強弱,名詞,1
3206,善悪,善悪,名詞,1
3207,引き離す,引き離し,動詞,1
3208,黙認,黙認,名詞,1
3209,仕事場,仕事場,名詞,1
3210,一戸建て,一戸建て,名詞,1
3211,書棚,書棚,名詞,1
3212,食器棚,食器棚,名詞,1
3213,経路,経路,名詞,1
3214,非常時,非常時,名詞,1
3215,持ち出す,持ち出す,動詞,1
3216,リュックサック,リュックサック,名詞,1
3217,給付対象,給付対象,名詞,1
3218,腰掛け,腰掛け,名詞,1
3219,取り外し,取り外し,名詞,1
3220,付加,付加,名詞,1
3221,優先的,優先的,名詞,1
3222,細か,細か,形状詞,1
3223,マグネット,マグネット,名詞,1
3224,ソックス,ソックス,名詞,1
3225,袖ぐり,袖ぐり,名詞,1
3226,破損,破損,名詞,1
3227,修復,修復,名詞,1
3228,静止,静止,名詞,1
3229,お茶漬け,お茶漬け,名詞,1
3230,済ます,済ます,動詞,1
3231,ドライ,ドライ,形状詞,1
3232,クロック,クロック,名詞,1
3233,ポジション,ポジション,名詞,1
3234,適宜,適宜,副詞,1
3235,目尻,目尻,名詞,1
3236,目頭,目頭,名詞,1
3237,半身浴,半身浴,名詞,1
3238,折れる,折れ,動詞,1
3239,採尿,採尿,名詞,1
3240,バッグ,バッグ,名詞,1
3241,尿漏れ,尿漏れ,名詞,1
3242,解熱,解熱,名詞,1
3243,腹式,腹式,名詞,1
3244,入り,入り,名詞,1
3245,ウエルシュ,ウエルシュ,名詞,1
3246,カンピロバクター,カンピロバクター,名詞,1
3247,サルモネラ,サルモネラ,名詞,1
3248,ビブリオ,ビブリオ,名詞,1
3249,ペーパータオル,ペーパータオル,名詞,1
3250,ごみ箱,ごみ箱,名詞,1
3251,もみ洗い,もみ洗い,名詞,1
3252,売買契約書,売買契約書,名詞,1
3253,業者,業者,名詞,1
3254,契約書,契約書,名詞,1
3255,迅速,迅速,形状詞,1
3256,冷暖房,冷暖房,名詞,1
3257,響く,響か,動詞,1
3258,追加,追加,名詞,1
3259,紐,紐（ひも）,名詞,1
3260,使役,使役,名詞,1
3261,専門用語,専門用語,名詞,1
3262,音信,音信,名詞,1
3263,不通,不通,名詞,1
3264,教師,教師,名詞,1
3265,野球部,野球部,名詞,1
3266,起居,起居,名詞,1
3267,全国大会,全国大会,名詞,1
3268,嘆く,嘆い,動詞,1
3269,眺める,眺め,動詞,1
3270,学び直す,学び直す,動詞,1
3271,謝る,謝る,動詞,1
3272,夏野菜,夏野菜,名詞,1
3273,採れたて,採れたて,名詞,1
3274,にこやか,にこやか,形状詞,1
3275,立ち去る,立ち去る,動詞,1
3276,微笑,微笑,名詞,1
3277,クーイング,クーイング,名詞,1
3278,免許証,免許証,名詞,1
3279,特例,特例,名詞,1
3280,運転者,運転者,名詞,1
3281,個数,個数,名詞,1
3282,騒がしい,騒がしい,形容詞,1
3283,限局,限局,名詞,1
3284,鼻汁,鼻汁,名詞,1
3285,微熱,微熱,名詞,1
3286,無関係,無関係,名詞,1
3287,歯科,歯科,名詞,1
3288,処方箋,処方箋,名詞,1
3289,推計値,推計値,名詞,1
3290,初期症状,初期症状,名詞,1
3291,周回,周回,名詞,1
3292,追跡,追跡,名詞,1
3293,居る,居,動詞,1
3294,年前,年前,名詞,1
3295,日記帳,日記帳,名詞,1
3296,かかりつけ医,かかりつけ医,名詞,1
3297,職場復帰,職場復帰,名詞,1
3298,不利益,不利益,名詞,1
3299,痙直,痙直,名詞,1
3300,筋ジス,筋ジス,名詞,1
3301,トロフィー,トロフィー,名詞,1
3302,内因性,内因性,名詞,1
3303,脳腫瘍,脳腫瘍,名詞,1
3304,ケアハウス,ケアハウス,名詞,1
3305,社会性,社会性,名詞,1
3306,眼底,眼底,名詞,1
3307,失明,失明,名詞,1
3308,善意,善意,名詞,1
3309,コンビニエンスストア,コンビニエンスストア,名詞,1
3310,脅かす,脅かさ,動詞,1
3311,遺伝子,遺伝子,名詞,1
3312,好意,好意,名詞,1
3313,前頭葉,前頭葉,名詞,1
3314,辺縁系,辺縁系,名詞,1
3315,巻き爪,巻き爪,名詞,1
3316,鉄,鉄,名詞,1
3317,青紫,青紫,名詞,1
3318,爪白,爪白,名詞,1
3319,無症状,無症状,名詞,1
3320,予後,予後,名詞,1
3321,心因性,心因性,名詞,1
3322,ブドウ糖,ブドウ糖,名詞,1
3323,アンモニア,アンモニア,名詞,1
3324,淡黄,淡黄,名詞,1
3325,大腸,大腸,名詞,1
3326,抗ヒスタミン,抗ヒスタミン,名詞,1
3327,痛がゆい,痛がゆく,形容詞,1
3328,ターミナルケア,ターミナルケア,名詞,1
3329,実地,実地,名詞,1
3330,修了,修了,名詞,1
3331,詰まる,詰まっ,動詞,1
3332,ラクナ,ラクナ,名詞,1
3333,缶,缶,名詞,1
3334,移す,移し,動詞,1
3335,基本情報,基本情報,名詞,1
3336,独自,独自,形状詞,1
3337,継続的,継続的,名詞,1
3338,公益,公益,名詞,1
3339,調子,調子,名詞,1
3340,忘れ,忘れ,名詞,1
3341,園芸,園芸,名詞,1
3342,応急,応急,名詞,1
3343,緊急措置,緊急措置,名詞,1
3344,電波,電波,名詞,1
3345,飛ばす,飛ばし,動詞,1
3346,失敗談,失敗談,名詞,1
3347,取り上げる,取り上げ,動詞,1
3348,月間,月間,名詞,1
3349,平衡,平衡,名詞,1
3350,屈曲位,屈曲位,名詞,1
3351,高め,高め,形状詞,1
3352,及ぼす,及ぼし,動詞,1
3353,フロイト,フロイト,名詞,1
3354,起源,起源,名詞,1
3355,マルサス,マルサス,名詞,1
3356,ヘレン・ケラー,ヘレン・ケラー,名詞,1
3357,覚え書,覚え書,名詞,1
3358,ダーウィン,ダーウィン,名詞,1
3359,口論,口論,名詞,1
3360,葛藤,葛藤,名詞,1
3361,両立,両立,名詞,1
3362,演じる,演じる,動詞,1
3363,模擬,模擬,名詞,1
3364,冗談,冗談,名詞,1
3365,強調,強調,名詞,1
3366,補強,補強,名詞,1
3367,矛盾,矛盾,名詞,1
3368,動向,動向,名詞,1
3369,核家族,核家族,名詞,1
3370,ひとり親,ひとり親,名詞,1
3371,患者会,患者会,名詞,1
3372,診療報酬,診療報酬,名詞,1
3373,支払,支払,名詞,1
3374,基金,基金,名詞,1
3375,特別区,特別区,名詞,1
3376,日本年金機構,日本年金機構,名詞,1
3377,被保険者証,被保険者証,名詞,1
3378,ネットワーク,ネットワーク,名詞,1
3379,警察官,警察官,名詞,1
3380,事実確認,事実確認,名詞,1
3381,借金,借金,名詞,1
3382,キット,キット,名詞,1
3383,ウッド,ウッド,名詞,1
3384,会長,会長,名詞,1
3385,片づく,片づい,動詞,1
3386,取り替える,取り替え,動詞,1
3387,居間,居間,名詞,1
3388,複数回,複数回,名詞,1
3389,物理療法,物理療法,名詞,1
3390,夜型,夜型,名詞,1
3391,開設,開設,名詞,1
3392,床面積,床面積,名詞,1
3393,添う,添っ,動詞,1
3394,手配,手配,名詞,1
3395,ファイル,ファイル,名詞,1
3396,ハインリッヒ,ハインリッヒ,名詞,1
3397,法則,法則,名詞,1
3398,不利,不利,名詞,1
3399,重大,重大,形状詞,1
3400,ヒヤリハット,ヒヤリハット,名詞,1
3401,知らす,知らさ,動詞,1
3402,賛成,賛成,名詞,1
3403,親しみ,親しみ,名詞,1
3404,込める,込め,動詞,1
3405,呼び合う,呼び合う,動詞,1
3406,付き添い,付き添い,名詞,1
3407,持参,持参,名詞,1
3408,密接,密接,形状詞,1
3409,スキンシップ,スキンシップ,名詞,1
3410,決意,決意,名詞,1
3411,閉ざす,閉ざさ,動詞,1
3412,情報源,情報源,名詞,1
3413,相違,相違,名詞,1
3414,腕組み,腕組み,名詞,1
3415,ヒート,ヒート,名詞,1
3416,室温,室温,名詞,1
3417,小型,小型,名詞,1
3418,パネルヒーター,パネルヒーター,名詞,1
3419,蒸気,蒸気,名詞,1
3420,内開き,内開き,名詞,1
3421,開閉,開閉,名詞,1
3422,アコーディオンドア,アコーディオンドア,名詞,1
3423,気密性,気密性,名詞,1
3424,棒型,棒型,名詞,1
3425,つまずく,つまずき,動詞,1
3426,足背,足背,名詞,1
3427,覆う,覆う,動詞,1
3428,クラスプ,クラスプ,名詞,1
3429,苦味,苦味,名詞,1
3430,ジェル,ジェル,名詞,1
3431,力点,力点,名詞,1
3432,レール,レール,名詞,1
3433,越える,越え,動詞,1
3434,高所,高所,名詞,1
3435,ヘッド,ヘッド,名詞,1
3436,タイヤ,タイヤ,名詞,1
3437,レバー,レバー,名詞,1
3438,駆動,駆動,名詞,1
3439,栄養価,栄養価,名詞,1
3440,芋,芋,名詞,1
3441,炭酸飲料,炭酸飲料,名詞,1
3442,手浴,手浴,名詞,1
3443,押し当てる,押し当て,動詞,1
3444,飲食,飲食,名詞,1
3445,再利用,再利用,名詞,1
3446,水道水,水道水,名詞,1
3447,浸み込む,浸み込ま,動詞,1
3448,乾かす,乾かし,動詞,1
3449,氷,氷,名詞,1
3450,鮮魚,鮮魚,名詞,1
3451,精肉,精肉,名詞,1
3452,伱間,伱間（すきま）,名詞,1
3453,詰める,詰める,動詞,1
3454,冷ます,冷ます,動詞,1
3455,器具,器具,名詞,1
3456,微温湯,微温湯,名詞,1
3457,吸着,吸着,名詞,1
3458,モップ,モップ,名詞,1
3459,拭き掃除,拭き掃除,名詞,1
3460,往復,往復,名詞,1
3461,利点,利点,名詞,1
3462,保湿,保湿,名詞,1
3463,スイッチ,スイッチ,名詞,1
3464,消灯,消灯,名詞,1
3465,意志,意志,名詞,1
3466,重要視,重要視,名詞,1
3467,都度,都度,名詞,1
3468,倦怠感,倦怠感,名詞,1
3469,傾眠,傾眠,名詞,1
3470,分化,分化,名詞,1
3471,五感,五感,名詞,1
3472,踏み込む,踏み込ん,動詞,1
3473,湯船,湯船,名詞,1
3474,満足感,満足感,名詞,1
3475,家業,家業,名詞,1
3476,黒板,黒板,名詞,1
3477,書き写す,書き写そう,動詞,1
3478,ふぞろい,ふぞろい,形状詞,1
3479,親子関係,親子関係,名詞,1
3480,立て直し,立て直し,名詞,1
3481,ボウルビィ,ボウルビィ,名詞,1
3482,味蕾,味蕾（みらい）,名詞,1
3483,濃い味,濃い味,名詞,1
3484,器質性,器質性,名詞,1
3485,アミラーゼ,アミラーゼ,名詞,1
3486,ヘモグロビン,ヘモグロビン,名詞,1
3487,目標値,目標値,名詞,1
3488,推奨,推奨,名詞,1
3489,事柄,事柄,名詞,1
3490,誇張,誇張,名詞,1
3491,患者数,患者数,名詞,1
3492,プリオン,プリオン,名詞,1
3493,致死率,致死率,名詞,1
3494,初発,初発,名詞,1
3495,うとうと,うとうと,副詞,1
3496,CT,ＣＴ,名詞,1
3497,脳波,脳波,名詞,1
3498,物音,物音,名詞,1
3499,できる限り,できる限り,副詞,1
3500,語源,語源,名詞,1
3501,成立,成立,名詞,1
3502,坐骨,坐骨,名詞,1
3503,結節,結節,名詞,1
3504,最上位,最上位,名詞,1
3505,仙髄,仙髄,名詞,1
3506,黒質,黒質,名詞,1
3507,暴行,暴行,名詞,1
3508,わいせつ,わいせつ,形状詞,1
3509,減食,減食,名詞,1
3510,交付対象,交付対象,名詞,1
3511,一生懸命,一生懸命,名詞,1
3512,息抜き,息抜き,名詞,1
3513,ペアレント,ペアレント,名詞,1
3514,メンター,メンター,名詞,1
3515,所持者,所持者,名詞,1
3516,心的外傷後ストレス障害,心的外傷後ストレス障害,名詞,1
3517,PTSD,ＰＴＳＤ,名詞,1
3518,思い起こす,思い起こさ,動詞,1
3519,小児,小児,名詞,1
3520,エネルギー源,エネルギー源,名詞,1
3521,中温,中温,名詞,1
3522,切除,切除,名詞,1
3523,感染性,感染性,名詞,1
3524,不規則,不規則,名詞,1
3525,粘度,粘度,名詞,1
3526,異物,異物,名詞,1
3527,反射的,反射的,名詞,1
3528,内径,内径,名詞,1
3529,分担,分担,名詞,1
3530,チップ,チップ,名詞,1
3531,シリンジ,シリンジ,名詞,1
3532,付き合う,付き合う,動詞,1
3533,痩せる,痩せ,動詞,1
3534,不定愁訴,不定愁訴,名詞,1
3535,寛解,寛解,名詞,1
3536,歩き,歩き,名詞,1
3537,隔離,隔離,名詞,1
3538,飛び出す,飛び出し,動詞,1
3539,パッケージ,パッケージ,名詞,1
3540,硬貨,硬貨,名詞,1
3541,ピアサポート,ピアサポート,名詞,1
3542,インクルージョン,インクルージョン,名詞,1
3543,自走式,自走式,名詞,1
3544,業務内容,業務内容,名詞,1
3545,著書,著書,名詞,1
3546,本質,本質,名詞,1
3547,神谷,神谷,名詞,1
3548,美恵子,美恵子,名詞,1
3549,糸賀,糸賀,名詞,1
3550,一雄,一雄,名詞,1
3551,フローレンス,フローレンス,名詞,1
3552,ナイチンゲール,ナイチンゲール,名詞,1
3553,ベンクト,ベンクト,名詞,1
3554,殴る,殴ら,動詞,1
3555,ハロー,ハロー,名詞,1
3556,別室,別室,名詞,1
3557,閣議,閣議,名詞,1
3558,ニッポン,ニッポン,名詞,1
3559,日本型,日本型,名詞,1
3560,丸ごと,丸ごと,名詞,1
3561,合算,合算,名詞,1
3562,総数,総数,名詞,1
3563,共働き,共働き,名詞,1
3564,生産年齢人口,生産年齢人口,名詞,1
3565,負担率,負担率,名詞,1
3566,加盟国,加盟国,名詞,1
3567,経済協力開発機構,経済協力開発機構,名詞,1
3568,加盟,加盟,名詞,1
3569,重点的,重点的,名詞,1
3570,直営,直営,名詞,1
3571,公的年金,公的年金,名詞,1
3572,月額,月額,名詞,1
3573,公営,公営,名詞,1
3574,自炊,自炊,名詞,1
3575,支援金,支援金,名詞,1
3576,精神障害者保健福祉手帳,精神障害者保健福祉手帳,名詞,1
3577,特例子会社,特例子会社,名詞,1
3578,司法書士,司法書士,名詞,1
3579,社会保険労務士,社会保険労務士,名詞,1
3580,税理士,税理士,名詞,1
3581,医療法,医療法,名詞,1
3582,医療法人,医療法人,名詞,1
3583,現物給付,現物給付,名詞,1
3584,性別,性別,名詞,1
3585,表札,表札,名詞,1
3586,通称,通称,名詞,1
3587,同性,同性,名詞,1
3588,選べる,選べる,動詞,1
3589,愛称,愛称,名詞,1
3590,社交的,社交的,名詞,1
3591,制約,制約,名詞,1
3592,実践力,実践力,名詞,1
3593,守り,守り,名詞,1
3594,ゴミ拾い,ゴミ拾い,名詞,1
3595,持込み,持込み,名詞,1
3596,万が一,万が一,名詞,1
3597,復元,復元,名詞,1
3598,照会,照会,名詞,1
3599,インデックス,インデックス,名詞,1
3600,掲示板,掲示板,名詞,1
3601,盗難,盗難,名詞,1
3602,休憩室,休憩室,名詞,1
3603,ハラスメント,ハラスメント,名詞,1
3604,抱きつく,抱きつか,動詞,1
3605,背筋,背筋,名詞,1
3606,アサーティブ,アサーティブ,名詞,1
3607,率直,率直,形状詞,1
3608,推し測る,推し測り,動詞,1
3609,励まし,励まし,名詞,1
3610,妨げ,妨げ,名詞,1
3611,座席,座席,名詞,1
3612,冷静,冷静,名詞,1
3613,限界,限界,名詞,1
3614,概要,概要,名詞,1
3615,多数決,多数決,名詞,1
3616,反論,反論,名詞,1
3617,同色,同色,名詞,1
3618,すべり止め,すべり止め,名詞,1
3619,綿棒,綿棒,名詞,1
3620,塞栓,塞栓,名詞,1
3621,右手首,右手首,名詞,1
3622,トルク,トルク,名詞,1
3623,応用,応用,名詞,1
3624,接地面,接地面,名詞,1
3625,交差,交差,名詞,1
3626,エスカレーター,エスカレーター,名詞,1
3627,腎不全,腎不全,名詞,1
3628,植物油,植物油,名詞,1
3629,レモン,レモン,名詞,1
3630,香辛料,香辛料,名詞,1
3631,多め,多め,形状詞,1
3632,サラダ,サラダ,名詞,1
3633,拭きとる,拭きとる,動詞,1
3634,引き寄せる,引き寄せ,動詞,1
3635,油,油,名詞,1
3636,ゴム,ゴム,名詞,1
3637,緩い,緩い,形容詞,1
3638,貼紙,貼紙,名詞,1
3639,つなぎ服,つなぎ服,名詞,1
3640,白物,白物,名詞,1
3641,薄める,薄め,動詞,1
3642,除菌,除菌,名詞,1
3643,裾上げ,裾上げ,名詞,1
3644,縫い目,縫い目,名詞,1
3645,手縫い,手縫い,名詞,1
3646,なみ縫い,なみ縫い,名詞,1
3647,縫い,縫い,名詞,1
3648,まつり縫い,まつり縫い,名詞,1
3649,外側,外側,名詞,1
3650,対角線,対角線,名詞,1
3651,枕カバー,枕カバー,名詞,1
3652,入れ込む,入れ込ん,動詞,1
3653,折り込み,折り込み,名詞,1
3654,押し込む,押し込む,動詞,1
3655,チェック,チェック,名詞,1
3656,開始時間,開始時間,名詞,1
3657,サングラス,サングラス,名詞,1
3658,緊急連絡先,緊急連絡先,名詞,1
3659,浴衣,浴衣,名詞,1
3660,瞬間,瞬間,名詞,1
3661,立ち会う,立ち会う,動詞,1
3662,生前,生前,名詞,1
3663,髭剃り,髭剃（ひげそ）り,名詞,1
3664,クリーム,クリーム,名詞,1
3665,包帯,包帯,名詞,1
3666,意義,意義,名詞,1
3667,直感的,直感的,名詞,1
3668,扱う,扱う,動詞,1
3669,手元,手元,名詞,1
3670,談笑,談笑,名詞,1
3671,完食,完食,名詞,1
3672,ストレンジ,ストレンジ,名詞,1
3673,シチュエーション,シチュエーション,名詞,1
3674,接近,接近,名詞,1
3675,初語,初語,名詞,1
3676,生物,生物,名詞,1
3677,機制,機制,名詞,1
3678,攻撃,攻撃,名詞,1
3679,潜在的,潜在的,名詞,1
3680,緩む,緩む,動詞,1
3681,アクティビティ,アクティビティ,名詞,1
3682,タッチング,タッチング,名詞,1
3683,臭い,臭い,形容詞,1
3684,保険証,保険証,名詞,1
3685,通り,通り,名詞,1
3686,安心感,安心感,名詞,1
3687,法的,法的,形状詞,1
3688,亡し,亡き,形容詞,1
3689,近寄る,近寄ら,動詞,1
3690,向き,向き,名詞,1
3691,無動,無動,名詞,1
3692,相関,相関,名詞,1
3693,実情,実情,名詞,1
3694,協議,協議,名詞,1
3695,パート勤務,パート勤務,名詞,1
3696,嫁,嫁,名詞,1
3697,罪業,罪業,名詞,1
3698,エアコン,エアコン,名詞,1
3699,ピント,ピント,名詞,1
3700,活発化,活発化,名詞,1
3701,口角,口角,名詞,1
3702,口唇,口唇,名詞,1
3703,負荷,負荷,名詞,1
3704,骨芽,骨芽,名詞,1
3705,ボディメカニクス,ボディメカニクス,名詞,1
3706,遠ざける,遠ざける,動詞,1
3707,摩擦,摩擦,名詞,1
3708,ブリストル,ブリストル,名詞,1
3709,便性,便性,名詞,1
3710,コロコロ,コロコロ,副詞,1
3711,満腹,満腹,名詞,1
3712,迫る,迫っ,動詞,1
3713,突然死,突然死,名詞,1
3714,心臓死,心臓死,名詞,1
3715,二酸化炭素,二酸化炭素,名詞,1
3716,吸い込める,吸い込める,動詞,1
3717,肺胞,肺胞,名詞,1
3718,粘稠,粘稠,名詞,1
3719,近県,近県,名詞,1
3720,久しぶり,久しぶり,名詞,1
3721,衛生的,衛生的,名詞,1
3722,挙げる,挙げ,動詞,1
3723,薬局,薬局,名詞,1
3724,張り替える,張り替える,動詞,1
3725,襲う,襲わ,動詞,1
3726,付き添う,付き添わ,動詞,1
3727,陽性,陽性,名詞,1
3728,一致,一致,名詞,1
3729,見知り,見知り,名詞,1
3730,日用品,日用品,名詞,1
3731,候補,候補,名詞,1
3732,強打,強打,名詞,1
3733,言い換え,言い換え,名詞,1
3734,繰り返し,繰り返し,名詞,1
3735,間欠,間欠,名詞,1
3736,跛行,跛行,名詞,1
3737,確か,確か,形状詞,1
3738,拡声器,拡声器,名詞,1
3739,貯蓄,貯蓄,名詞,1
3740,当面,当面,名詞,1
3741,突っ張り,突っ張り,名詞,1
3742,読み,読み,名詞,1
3743,不正確,不正確,名詞,1
3744,緩慢,緩慢,形状詞,1
3745,洗える,洗える,動詞,1
3746,出演,出演,名詞,1
3747,交通経路,交通経路,名詞,1
3748,会場内,会場内,名詞,1
3749,ストレス対処,ストレス対処,名詞,1
3750,リラックス,リラックス,名詞,1
3751,真正面,真正面,名詞,1
3752,終始,終始,副詞,1
3753,語りかける,語りかけ,動詞,1
3754,予想,予想,名詞,1
3755,違法,違法,名詞,1
3756,駐車,駐車,名詞,1
3757,邪魔,邪魔,名詞,1
3758,アクション,アクション,名詞,1
3759,駐車スペース,駐車スペース,名詞,1
3760,交通量,交通量,名詞,1
3761,先輩,先輩,名詞,1
3762,隣保,隣保,名詞,1
3763,生きがい,生きがい,名詞,1
3764,創る,創る,動詞,1
3765,現役,現役,名詞,1
3766,昭和,昭和,名詞,1
3767,勧告,勧告,名詞,1
3768,国家,国家,名詞,1
3769,公衆衛生,公衆衛生,名詞,1
3770,待機児童,待機児童,名詞,1
3771,作戦,作戦,名詞,1
3772,ICT,ＩＣＴ,名詞,1
3773,ビッグデータ,ビッグデータ,名詞,1
3774,有効期間,有効期間,名詞,1
3775,申請先,申請先,名詞,1
3776,広域,広域,名詞,1
3777,連合,連合,名詞,1
3778,受験時間,受験時間,名詞,1
3779,テキスト,テキスト,名詞,1
3780,持ち込み,持ち込み,名詞,1
3781,監督者,監督者,名詞,1
3782,批准,批准,名詞,1
3783,プライバシー保護,プライバシー保護,名詞,1
3784,電磁的記録,電磁的記録,名詞,1
3785,マイナンバー,マイナンバー,名詞,1
3786,識別符号,識別符号,名詞,1
3787,一切,一切,名詞,1
3788,第三者,第三者,名詞,1
3789,個人情報の保護に関する法律,個人情報の保護に関する法律,名詞,1
3790,警察署,警察署,名詞,1
3791,不登校,不登校,名詞,1
3792,精神保健福祉手帳,精神保健福祉手帳,名詞,1
3793,正規,正規,名詞,1
3794,クリニック,クリニック,名詞,1
3795,セーフティーネット,セーフティーネット,名詞,1
3796,隣人,隣人,名詞,1
3797,ゲートボール,ゲートボール,名詞,1
3798,有意義,有意義,名詞,1
3799,安楽いす,安楽いす,名詞,1
3800,視覚野,視覚野,名詞,1
3801,言語野,言語野,名詞,1
3802,ウェルニッケ,ウェルニッケ,名詞,1
3803,上腕二頭筋,上腕二頭筋,名詞,1
3804,関節炎,関節炎,名詞,1
3805,足趾,足趾,名詞,1
3806,顎関節,顎関節,名詞,1
3807,ずり落ちる,ずり落ちる,動詞,1
3808,形状,形状,名詞,1
3809,生成,生成,名詞,1
3810,依存性,依存性,名詞,1
3811,無力感,無力感,名詞,1
3812,グリーフ,グリーフ,名詞,1
3813,スピリチュアル,スピリチュアル,名詞,1
3814,実験,実験,名詞,1
3815,透ける,透け,動詞,1
3816,左端,左端,名詞,1
3817,反対,反対,名詞,1
3818,ほほ笑む,ほほ笑む,動詞,1
3819,原始,原始,名詞,1
3820,コールバーグ,コールバーグ,名詞,1
3821,道徳性,道徳性,名詞,1
3822,権威,権威,名詞,1
3823,服従,服従,名詞,1
3824,損得,損得,名詞,1
3825,発育,発育,名詞,1
3826,出生時,出生時,名詞,1
3827,ストローブ,ストローブ,名詞,1
3828,シュト,シュト,名詞,1
3829,旧友,旧友,名詞,1
3830,悲しい,悲しい,形容詞,1
3831,申し込む,申し込む,動詞,1
3832,泌尿器,泌尿器,名詞,1
3833,腎盂,腎盂,名詞,1
3834,腎炎,腎炎,名詞,1
3835,外反,外反,名詞,1
3836,罹患率,罹患率,名詞,1
3837,患部,患部,名詞,1
3838,肥満,肥満,名詞,1
3839,市民,市民,名詞,1
3840,ハンドブック,ハンドブック,名詞,1
3841,先ほど,先ほど,名詞,1
3842,写す,写し,動詞,1
3843,折る,折っ,動詞,1
3844,犯人,犯人,名詞,1
3845,頭蓋骨,頭蓋骨,名詞,1
3846,凝固,凝固,名詞,1
3847,第一,第一,副詞,1
3848,振込口座,振込口座,名詞,1
3849,口座,口座,名詞,1
3850,ユマニチュード,ユマニチュード,名詞,1
3851,さりげない,さりげなく,形容詞,1
3852,トーン,トーン,名詞,1
3853,オート,オート,名詞,1
3854,フィードバック,フィードバック,名詞,1
3855,現行,現行,名詞,1
3856,ステップ,ステップ,名詞,1
3857,オレンジ,オレンジ,名詞,1
3858,一環,一環,名詞,1
3859,ケアパス,ケアパス,名詞,1
3860,人本,人本,名詞,1
3861,早速,早速,副詞,1
3862,縫う,縫う,動詞,1
3863,展望,展望,名詞,1
3864,陳述,陳述,名詞,1
3865,地位,地位,名詞,1
3866,特権,特権,名詞,1
3867,放棄,放棄,名詞,1
3868,受傷,受傷,名詞,1
3869,右脳,右脳,名詞,1
3870,左脳,左脳,名詞,1
3871,習得,習得,名詞,1
3872,注意力,注意力,名詞,1
3873,欠如,欠如,名詞,1
3874,引きこもる,引きこもり,動詞,1
3875,外来,外来,名詞,1
3876,代理,代理,名詞,1
3877,開発,開発,名詞,1
3878,前提,前提,名詞,1
3879,微生物,微生物,名詞,1
3880,混ぜる,混ぜる,動詞,1
3881,熱水,熱水,名詞,1
3882,胸腹,胸腹,名詞,1
3883,膨らむ,膨らん,動詞,1
3884,縮む,縮ん,動詞,1
3885,紫色,紫色,名詞,1
3886,同室,同室,名詞,1
3887,吸入,吸入,名詞,1
3888,切り方,切り方,名詞,1
3889,導く,導く,動詞,1
3890,他律的,他律的,名詞,1
3891,介護職,介護職,名詞,1
3892,部会,部会,名詞,1
3893,公平,公平,名詞,1
3894,初め,初め,名詞,1
3895,決断,決断,名詞,1
3896,欠かす,欠かさ,動詞,1
3897,運転手,運転手,名詞,1
3898,薬剤師,薬剤師,名詞,1
3899,指名,指名,名詞,1
3900,拾う,拾おう,動詞,1
3901,目視,目視,名詞,1
3902,通り過ぎる,通り過ぎ,動詞,1
3903,食事介助,食事介助,名詞,1
3904,引き続く,引き続き,動詞,1
3905,翌月,翌月,名詞,1
3906,問題解決,問題解決,名詞,1
3907,おやつ作り,おやつ作り,名詞,1
3908,一段,一段,名詞,1
3909,奥行,奥行,名詞,1
3910,間接,間接,名詞,1
3911,振り,振り,名詞,1
3912,後ろ足,後ろ足,名詞,1
3913,地面,地面,名詞,1
3914,持ちかえる,持ちかえ,動詞,1
3915,突く,突い,動詞,1
3916,食い込む,食い込ん,動詞,1
3917,熱感,熱感,名詞,1
3918,絆創膏,絆創膏,名詞,1
3919,肩口,肩口,名詞,1
3920,深呼吸,深呼吸,名詞,1
3921,脂肪,脂肪,名詞,1
3922,シャンプー,シャンプー,名詞,1
3923,ドライヤー,ドライヤー,名詞,1
3924,温風,温風,名詞,1
3925,こすり取る,こすり取る,動詞,1
3926,水洗い,水洗い,名詞,1
3927,弱視,弱視,名詞,1
3928,貨幣,貨幣,名詞,1
3929,紙幣,紙幣,名詞,1
3930,調理器具,調理器具,名詞,1
3931,基部,基部,名詞,1
3932,瓶,瓶,名詞,1
3933,寝床,寝床,名詞,1
3934,臭気,臭気,名詞,1
3935,昼光色,昼光色,名詞,1
3936,蛍光灯,蛍光灯,名詞,1
3937,悔い,悔い,名詞,1
3938,ストッキング,ストッキング,名詞,1
3939,電磁調理器,電磁調理器,名詞,1
3940,体圧,体圧,名詞,1
3941,分散,分散,名詞,1
3942,工事,工事,名詞,1
3943,業務効率,業務効率,名詞,1
3944,日数,日数,名詞,1
3945,達成度,達成度,名詞,1
3946,転記,転記,名詞,1
3947,帰り道,帰り道,名詞,1
3948,地区,地区,名詞,1
3949,模式,模式,名詞,1
3950,真後ろ,真後ろ,名詞,1
3951,出勤,出勤,名詞,1
3952,同名,同名,名詞,1
3953,簡単,簡単,形状詞,1
3954,バネ,バネ,名詞,1
3955,右寄り,右寄り,名詞,1
3956,行動力,行動力,名詞,1
3957,イラスト,イラスト,名詞,1
3958,予告,予告,名詞,1
3959,単独,単独,形状詞,1
3960,お見舞い,お見舞い,名詞,1
3961,精密検査,精密検査,名詞,1
3962,管理職,管理職,名詞,1
3963,注意喚起,注意喚起,名詞,1
3964,規範,規範,名詞,1
3965,懇談会,懇談会,名詞,1
3966,バイアス,バイアス,名詞,1
3967,圧力,圧力,名詞,1
3968,多数派,多数派,名詞,1
3969,凝集,凝集,名詞,1
3970,急かす,急かす,動詞,1
3971,流行,流行,名詞,1
3972,組織的,組織的,名詞,1
3973,指揮命令,指揮命令,名詞,1
3974,系統,系統,名詞,1
3975,組織図,組織図,名詞,1
3976,保有,保有,名詞,1
3977,断酒会,断酒会,名詞,1
3978,社会貢献,社会貢献,名詞,1
3979,認証,認証,名詞,1
3980,宗教,宗教,名詞,1
3981,世紀,世紀,名詞,1
3982,住み込む,住み込ん,動詞,1
3983,生活協同組合,生活協同組合,名詞,1
3984,セツルメント,セツルメント,名詞,1
3985,事業法,事業法,名詞,1
3986,見送る,見送ら,動詞,1
3987,公務員,公務員,名詞,1
3988,共済組合,共済組合,名詞,1
3989,指定都市,指定都市,名詞,1
3990,投資信託,投資信託,名詞,1
3991,勧誘,勧誘,名詞,1
3992,相談先,相談先,名詞,1
3993,公正取引委員会,公正取引委員会,名詞,1
3994,救助,救助,名詞,1
3995,感染症の予防及び感染症の患者に対する医療に関する法律,感染症の予防及び感染症の患者に対する医療に関する法律,名詞,1
3996,ひきこもり,ひきこもり,名詞,1
3997,滞納,滞納,名詞,1
3998,家主,家主,名詞,1
3999,精神保健福祉センター,精神保健福祉センター,名詞,1
4000,年金事務所,年金事務所,名詞,1
4001,日光浴,日光浴,名詞,1
4002,小骨,小骨,名詞,1
4003,ツチ,ツチ,名詞,1
4004,蝶形骨,蝶形骨,名詞,1
4005,頭骨,頭骨,名詞,1
4006,頬骨,頬骨,名詞,1
4007,きょうこ,きょうこ,形状詞,1
4008,上顎骨,上顎骨,名詞,1
4009,爪床,爪床,名詞,1
4010,角質化,角質化,名詞,1
4011,耳管,耳管,名詞,1
4012,唐揚げ,唐揚げ,名詞,1
4013,窒息,窒息,名詞,1
4014,子宮,子宮,名詞,1
4015,アレルギー,アレルギー,名詞,1
4016,勝手に,勝手に,副詞,1
4017,ピクピク,ピクピク,副詞,1
4018,鎮痛薬,鎮痛薬,名詞,1
4019,モルヒネ,モルヒネ,名詞,1
4020,スキャモン,スキャモン,名詞,1
4021,曲線,曲線,名詞,1
4022,神経系,神経系,名詞,1
4023,生殖器,生殖器,名詞,1
4024,リンパ,リンパ,名詞,1
4025,幼稚園,幼稚園,名詞,1
4026,園児,園児,名詞,1
4027,登園,登園,名詞,1
4028,個体,個体,名詞,1
4029,有利,有利,形状詞,1
4030,固有,固有,名詞,1
4031,遺伝,遺伝,名詞,1
4032,偏見,偏見,名詞,1
4033,生産的,生産的,名詞,1
4034,抵抗,抵抗,名詞,1
4035,違和感,違和感,名詞,1
4036,胸痛,胸痛,名詞,1
4037,差し引く,差し引い,動詞,1
4038,介護状態,介護状態,名詞,1
4039,利尿,利尿,名詞,1
4040,無尿,無尿,名詞,1
4041,軟骨,軟骨,名詞,1
4042,骨量,骨量,名詞,1
4043,経歴,経歴,名詞,1
4044,証明書,証明書,名詞,1
4045,付す,付さ,動詞,1
4046,アパシー,アパシー,名詞,1
4047,理想,理想,名詞,1
4048,誘因,誘因,名詞,1
4049,ぎこちない,ぎこちなく,形容詞,1
4050,酔っぱらう,酔っぱらっ,動詞,1
4051,引きずる,引きずる,動詞,1
4052,発症者,発症者,名詞,1
4053,用事,用事,名詞,1
4054,相貌,相貌,名詞,1
4055,センタリング,センタリング,名詞,1
4056,リフレージング,リフレージング,名詞,1
4057,レミニシング,レミニシング,名詞,1
4058,ミラーリング,ミラーリング,名詞,1
4059,カリブ,カリブ,名詞,1
4060,レーション,レーション,名詞,1
4061,効く,効か,動詞,1
4062,盛り込む,盛り込ん,動詞,1
4063,デンマーク,デンマーク,名詞,1
4064,イギリス,イギリス,名詞,1
4065,スウェーデン,スウェーデン,名詞,1
4066,ノルウェー,ノルウェー,名詞,1
4067,法務局,法務局,名詞,1
4068,悲観,悲観,名詞,1
4069,強迫性,強迫性,名詞,1
4070,健忘,健忘,名詞,1
4071,外陰,外陰,名詞,1
4072,壊疽,壊疽,名詞,1
4073,作業所,作業所,名詞,1
4074,小遣い帳,小遣い帳,名詞,1
4075,生活用,生活用,名詞,1
4076,柔軟,柔軟,形状詞,1
4077,上葉,上葉,名詞,1
4078,中葉,中葉,名詞,1
4079,下葉,下葉,名詞,1
4080,腹腔,腹腔,名詞,1
4081,陰圧,陰圧,名詞,1
4082,腹痛,腹痛,名詞,1
4083,速める,速める,動詞,1
4084,傷病,傷病,名詞,1
4085,独占,独占,名詞,1
4086,研修会,研修会,名詞,1
4087,多様性,多様性,名詞,1
4088,通い,通い,名詞,1
4089,部活動,部活動,名詞,1
4090,改築,改築,名詞,1
4091,生かせる,生かせる,動詞,1
4092,奉仕,奉仕,名詞,1
4093,住宅地,住宅地,名詞,1
4094,洪水,洪水,名詞,1
4095,内水,内水,名詞,1
4096,氾濫,氾濫,名詞,1
4097,警戒,警戒,名詞,1
4098,発令,発令,名詞,1
4099,消火器,消火器,名詞,1
4100,液体,液体,名詞,1
4101,用量,用量,名詞,1
4102,目元,目元,名詞,1
4103,じょうず,じょうず,形状詞,1
4104,言い表せる,言い表せ,動詞,1
4105,文章,文章,名詞,1
4106,確かめる,確かめる,動詞,1
4107,言い換える,言い換える,動詞,1
4108,落ちこむ,落ちこん,動詞,1
4109,うす暗い,うす暗い,形容詞,1
4110,了解,了解,名詞,1
4111,解決策,解決策,名詞,1
4112,住環境,住環境,名詞,1
4113,コンクリート,コンクリート,名詞,1
4114,砂利,砂利,名詞,1
4115,レバーハンドル,レバーハンドル,名詞,1
4116,反対色,反対色,名詞,1
4117,フローリング,フローリング,名詞,1
4118,和洋,和洋,名詞,1
4119,折衷,折衷,名詞,1
4120,ギャッチ,ギャッチ,名詞,1
4121,背上げ,背上げ,名詞,1
4122,中央部,中央部,名詞,1
4123,背すじ,背すじ,名詞,1
4124,荷重,荷重,名詞,1
4125,膝頭,膝頭,名詞,1
4126,折れ,折れ,名詞,1
4127,滑らか,滑らか,形状詞,1
4128,膝下,膝下,名詞,1
4129,クッキー,クッキー,名詞,1
4130,カステラ,カステラ,名詞,1
4131,餅,餅,名詞,1
4132,椅座,椅座,名詞,1
4133,泌尿器科,泌尿器科,名詞,1
4134,ディスポーザブル,ディスポーザブル,名詞,1
4135,グリセリン,グリセリン,名詞,1
4136,干す,干す,動詞,1
4137,余裕,余裕,名詞,1
4138,もの忘れ,もの忘れ,名詞,1
4139,漏れ,漏れ,名詞,1
4140,妨げる,妨げ,動詞,1
4141,覚ます,覚まし,動詞,1
4142,しばしば,しばしば,副詞,1
4143,硬さ,硬さ,名詞,1
4144,掛け布団,掛け布団,名詞,1
4145,重さ,重さ,名詞,1
4146,見通し,見通し,名詞,1
4147,入院先,入院先,名詞,1
4148,死生観,死生観,名詞,1
4149,利用状況,利用状況,名詞,1
4150,オフセット,オフセット,名詞,1
4151,ロフストランド,ロフストランド,名詞,1
4152,ケイン,ケイン,名詞,1
4153,貢献度,貢献度,名詞,1
4154,座れる,座れる,動詞,1
4155,大工,大工,名詞,1
4156,器用,器用,形状詞,1
4157,任す,任さ,動詞,1
4158,作業量,作業量,名詞,1
4159,部品,部品,名詞,1
4160,倫理的,倫理的,名詞,1
4161,論文,論文,名詞,1
4162,引用元,引用元,名詞,1
4163,専業,専業,名詞,1
4164,農家,農家,名詞,1
4165,特別徴収,特別徴収,名詞,1
4166,納付,納付,名詞,1
4167,定額,定額,名詞,1
4168,品物,品物,名詞,1
4169,持ち去る,持ち去っ,動詞,1
4170,当てはめる,当てはめ,動詞,1
4171,年金収入,年金収入,名詞,1
4172,運転中,運転中,名詞,1
4173,遭う,遭い,動詞,1
4174,基準額,基準額,名詞,1
4175,手渡す,手渡し,動詞,1
4176,エアー,エアー,名詞,1
4177,高等部,高等部,名詞,1
4178,側弯,側弯,名詞,1
4179,吸い飲み,吸い飲み,名詞,1
4180,ストロー,ストロー,名詞,1
4181,頭突き,頭突き,名詞,1
4182,後悔,後悔,名詞,1
4183,くみ取る,くみ取り,動詞,1
4184,自走,自走,名詞,1
4185,フロア,フロア,名詞,1
4186,自己愛,自己愛,名詞,1
4187,自己同一性,自己同一性,名詞,1
4188,自我,自我,名詞,1
4189,表面化,表面化,名詞,1
4190,具体化,具体化,名詞,1
4191,関係書類,関係書類,名詞,1
4192,卒業,卒業,名詞,1
4193,加わる,加わっ,動詞,1
4194,フォロワー,フォロワー,名詞,1
4195,認可,認可,名詞,1
4196,解散,解散,名詞,1
4197,定員,定員,名詞,1
4198,泊まる,泊まり,動詞,1
4199,自主的,自主的,名詞,1
4200,再就職先,再就職先,名詞,1
4201,団体交渉権,団体交渉権,名詞,1
4202,平等権,平等権,名詞,1
4203,障害者の雇用の促進等に関する法律,障害者の雇用の促進等に関する法律,名詞,1
4204,所定労働時間,所定労働時間,名詞,1
4205,労働,労働,名詞,1
4206,助成金,助成金,名詞,1
4207,応益,応益,名詞,1
4208,家庭菜園,家庭菜園,名詞,1
4209,脳神経,脳神経,名詞,1
4210,嗅神経,嗅神経,名詞,1
4211,三叉,三叉,名詞,1
4212,迷走,迷走,名詞,1
4213,前鼻,前鼻,名詞,1
4214,鼻毛,鼻毛,名詞,1
4215,塵,塵,名詞,1
4216,埃,埃,名詞,1
4217,毛細血管,毛細血管,名詞,1
4218,嗅細胞,嗅細胞,名詞,1
4219,鼻孔,鼻孔,名詞,1
4220,軟化,軟化,名詞,1
4221,歯髄,歯髄,名詞,1
4222,疼痛,疼痛,名詞,1
4223,エナメル,エナメル,名詞,1
4224,侵蝕,侵蝕,名詞,1
4225,歯周,歯周,名詞,1
4226,欠損,欠損,名詞,1
4227,胃液,胃液,名詞,1
4228,真皮,真皮,名詞,1
4229,皮脂腺,皮脂腺,名詞,1
4230,皮下,皮下,名詞,1
4231,嗜好,嗜好,名詞,1
4232,大部分,大部分,名詞,1
4233,数週間,数週間,名詞,1
4234,ニコチン,ニコチン,名詞,1
4235,カフェイン,カフェイン,名詞,1
4236,徴候,徴候,名詞,1
4237,心停止,心停止,名詞,1
4238,減弱,減弱,名詞,1
4239,対光,対光,名詞,1
4240,ハイハイ,ハイハイ,名詞,1
4241,イヤイヤ,イヤイヤ,名詞,1
4242,反抗期,反抗期,名詞,1
4243,神経性無食欲症,神経性無食欲症,名詞,1
4244,学童,学童,名詞,1
4245,低体重,低体重,名詞,1
4246,深刻,深刻,形状詞,1
4247,役員,役員,名詞,1
4248,敬老の日,敬老の日,名詞,1
4249,記念品,記念品,名詞,1
4250,不快感,不快感,名詞,1
4251,衰える,衰える,動詞,1
4252,トレーニング,トレーニング,名詞,1
4253,若々しい,若々しい,形容詞,1
4254,引退後,引退後,名詞,1
4255,成熟,成熟,名詞,1
4256,ロッキング,ロッキング,名詞,1
4257,安楽椅子,安楽椅子,名詞,1
4258,ダンス,ダンス,名詞,1
4259,白髪,白髪,名詞,1
4260,サクセスフル,サクセスフル,名詞,1
4261,老年,老年,名詞,1
4262,両輪,両輪,名詞,1
4263,進捗,進捗,名詞,1
4264,近時,近時,名詞,1
4265,アミロイド,アミロイド,名詞,1
4266,沈着,沈着,名詞,1
4267,満点,満点,名詞,1
4268,バーセルインデックス,バーセルインデックス,名詞,1
4269,HDS,HDS,名詞,1
4270,最大限,最大限,名詞,1
4271,か所,か所,名詞,1
4272,疑い,疑い,名詞,1
4273,編成,編成,名詞,1
4274,同等,同等,形状詞,1
4275,受動的,受動的,名詞,1
4276,主体性,主体性,名詞,1
4277,関節痛,関節痛,名詞,1
4278,些細,些細,名詞,1
4279,ロービジョン,ロービジョン,名詞,1
4280,役目,役目,名詞,1
4281,かすれ声,かすれ声,名詞,1
4282,フラッシュベル,フラッシュベル,名詞,1
4283,増幅,増幅,名詞,1
4284,問う,問わ,動詞,1
4285,ゲーム,ゲーム,名詞,1
4286,陳列,陳列,名詞,1
4287,棚,棚,名詞,1
4288,注文,注文,名詞,1
4289,盲導犬,盲導犬,名詞,1
4290,来店,来店,名詞,1
4291,客,客,名詞,1
4292,役所,役所,名詞,1
4293,蘇生,蘇生,名詞,1
4294,実施者,実施者,名詞,1
4295,喀出,喀出,名詞,1
4296,絨毛,絨毛,名詞,1
4297,侵入,侵入,名詞,1
4298,口蓋垂,口蓋垂,名詞,1
4299,消化器症状,消化器症状,名詞,1
4300,しゃっくり,しゃっくり,名詞,1
4301,吃逆,吃逆,名詞,1
4302,胸膜,胸膜,名詞,1
4303,胸やけ,胸やけ,名詞,1
4304,熱傷,熱傷,名詞,1
4305,噯気,噯気,名詞,1
4306,口外,口外,名詞,1
4307,吐き出す,吐き出さ,動詞,1
4308,基本計画,基本計画,名詞,1
4309,連帯,連帯,名詞,1
4310,辞する,辞し,動詞,1
4311,支度,支度,名詞,1
4312,植木,植木,名詞,1
4313,ペットフード,ペットフード,名詞,1
4314,ラーメン,ラーメン,名詞,1
4315,クレジットカード,クレジットカード,名詞,1
4316,法制度,法制度,名詞,1
4317,労働安全衛生法,労働安全衛生法,名詞,1
4318,労働者災害補償保険法,労働者災害補償保険法,名詞,1
4319,労働時間,労働時間,名詞,1
4320,賃金,賃金,名詞,1
4321,労働条件,労働条件,名詞,1
4322,職場環境,職場環境,名詞,1
4323,出生時育児休業,出生時育児休業,名詞,1
4324,ヨーロッパ,ヨーロッパ,名詞,1
4325,生まれ育つ,生まれ育ち,動詞,1
4326,寝起き,寝起き,名詞,1
4327,余暇,余暇,名詞,1
4328,課題解決,課題解決,名詞,1
4329,体験談,体験談,名詞,1
4330,支えあう,支えあう,動詞,1
4331,スキル,スキル,名詞,1
4332,防災士,防災士,名詞,1
4333,資格取得,資格取得,名詞,1
4334,飲料水,飲料水,名詞,1
4335,非常食,非常食,名詞,1
4336,備蓄,備蓄,名詞,1
4337,BCP,ＢＣＰ,名詞,1
4338,肺炎球菌,肺炎球菌,名詞,1
4339,ワクチン,ワクチン,名詞,1
4340,接種,接種,名詞,1
4341,紫外線,紫外線,名詞,1
4342,温水,温水,名詞,1
4343,リネン,リネン,名詞,1
4344,聴き取る,聴き取る,動詞,1
4345,飲食店,飲食店,名詞,1
4346,増額,増額,名詞,1
4347,ゴミ捨て,ゴミ捨て,名詞,1
4348,暖房,暖房,名詞,1
4349,除湿機,除湿機,名詞,1
4350,ブレーキング,ブレーキング,名詞,1
4351,勝敗,勝敗,名詞,1
4352,喫煙,喫煙,名詞,1
4353,洗体,洗体,名詞,1
4354,ノーリフティングケア,ノーリフティングケア,名詞,1
4355,抱え上げる,抱え上げ,動詞,1
4356,引きよせる,引きよせ,動詞,1
4357,抱きかかえる,抱きかかえ,動詞,1
4358,支点,支点,名詞,1
4359,右脚,右脚,名詞,1
4360,タッピング,タッピング,名詞,1
4361,舌先,舌先,名詞,1
4362,熱中症,熱中症,名詞,1
4363,渇く,渇い,動詞,1
4364,ゼリー,ゼリー,名詞,1
4365,飲み物,飲み物,名詞,1
4366,浅め,浅め,形状詞,1
4367,羞恥心,羞恥心,名詞,1
4368,扱える,扱える,動詞,1
4369,あたたか,あたたか,形状詞,1
4370,調味料,調味料,名詞,1
4371,甘み,甘み,名詞,1
4372,うま味,うま味,名詞,1
4373,照り,照り,名詞,1
4374,酢,酢,名詞,1
4375,特有,特有,形状詞,1
4376,香り,香り,名詞,1
4377,ウインナー,ウインナー,名詞,1
4378,密封,密封,名詞,1
4379,ドライクリーニング,ドライクリーニング,名詞,1
4380,絹製品,絹製品,名詞,1
4381,ストッパー,ストッパー,名詞,1
4382,中心線,中心線,名詞,1
4383,太陽,太陽,名詞,1
4384,無反応,無反応,名詞,1
4385,喪失感,喪失感,名詞,1
4386,聴器,聴器,名詞,1
4387,危機,危機,名詞,1
4388,主催,主催,名詞,1
4389,原案,原案,名詞,1
4390,好物,好物,名詞,1
4391,悔しい,悔しい,形容詞,1
4392,次の日,次の日,名詞,1
4393,削減,削減,名詞,1
4394,恥ずかしい,恥ずかしい,形容詞,1
4395,釣り,釣り,名詞,1
4396,実務経験,実務経験,名詞,1
4397,豊富,豊富,形状詞,1
4398,信頼,信頼,名詞,1
4399,調査員,調査員,名詞,1
4400,メモ,メモ,名詞,1
4401,オウム,オウム,名詞,1
4402,移ろう,移ろう,動詞,1
4403,大事,大事,形状詞,1
4404,経過的,経過的,名詞,1
4405,ベッカー,ベッカー,名詞,1
4406,創作,創作,名詞,1
4407,独身,独身,名詞,1
4408,兄弟姉妹,兄弟姉妹,名詞,1
4409,ヴィクトール,ヴィクトール,名詞,1
4410,エド,エド,名詞,1
4411,フェリックス,フェリックス,名詞,1
4412,両側,両側,名詞,1
4413,雑音,雑音,名詞,1
4414,風景,風景,名詞,1
4415,飾り,飾り,名詞,1
4416,内耳,内耳,名詞,1
4417,外耳道,外耳道,名詞,1
4418,向かい合う,向かい合っ,動詞,1
4419,一覧,一覧,名詞,1
4420,発展,発展,名詞,1
4421,エーデル,エーデル,名詞,1
4422,ケースワーク,ケースワーク,名詞,1
4423,人員配置,人員配置,名詞,1
4424,被災者,被災者,名詞,1
4425,公平性,公平性,名詞,1
4426,区画,区画,名詞,1
4427,スペース,スペース,名詞,1
4428,標準化,標準化,名詞,1
4429,美しい,美し,形容詞,1
4430,身元保証,身元保証,名詞,1
4431,終身,終身,名詞,1
4432,貢献,貢献,名詞,1
4433,婚姻,婚姻,名詞,1
4434,敷地内,敷地内,名詞,1
4435,引退,引退,名詞,1
4436,慕う,慕う,動詞,1
4437,自己判断,自己判断,名詞,1
4438,弁償,弁償,名詞,1
4439,レジオネラ,レジオネラ,名詞,1
4440,感染者,感染者,名詞,1
4441,煮沸,煮沸,名詞,1
4442,家庭用,家庭用,名詞,1
4443,加湿器,加湿器,名詞,1
4444,タンク,タンク,名詞,1
4445,貯める,貯め,動詞,1
4446,常時,常時,名詞,1
4447,事業場,事業場,名詞,1
4448,受検,受検,名詞,1
4449,免除,免除,名詞,1
4450,面接指導,面接指導,名詞,1
4451,産業医,産業医,名詞,1
4452,民法,民法,名詞,1
4453,三親等,三親等,名詞,1
4454,血族,血族,名詞,1
4455,六親等,六親等,名詞,1
4456,姻族,姻族,名詞,1
4457,養子,養子,名詞,1
4458,養親,養親,名詞,1
4459,親族関係,親族関係,名詞,1
4460,所得金額,所得金額,名詞,1
4461,身辺,身辺,名詞,1
4462,支給限度額,支給限度額,名詞,1
4463,歴史的,歴史的,名詞,1
4464,世界,世界,名詞,1
4465,戦後,戦後,名詞,1
4466,義務違反,義務違反,名詞,1
4467,実態,実態,名詞,1
4468,健康管理,健康管理,名詞,1
4469,需要,需要,名詞,1
4470,単位,単位,名詞,1
4471,対処方法,対処方法,名詞,1
4472,全力,全力,名詞,1
4473,指差す,指差し,動詞,1
4474,コンプライアンス,コンプライアンス,名詞,1
4475,法令,法令,名詞,1
4476,給与,給与,名詞,1
4477,入社,入社,名詞,1
4478,箇所,箇所,名詞,1
4479,再発防止,再発防止,名詞,1
4480,潜在,潜在,名詞,1
4481,パートナー,パートナー,名詞,1
4482,入れ替え,入れ替え,名詞,1
4483,繁盛,繁盛,名詞,1
4484,退屈,退屈,名詞,1
4485,全体像,全体像,名詞,1
4486,効率化,効率化,名詞,1
4487,同情,同情,名詞,1
4488,ライト,ライト,名詞,1
4489,カビ,カビ,名詞,1
4490,靴音,靴音,名詞,1
4491,成功,成功,名詞,1
4492,半歩,半歩,名詞,1
4493,セルフケア,セルフケア,名詞,1
4494,歯垢,歯垢,名詞,1
4495,局部,局部,名詞,1
4496,襟元,襟元,名詞,1
4497,ルクス,ルクス,名詞,1
4498,大きめ,大きめ,形状詞,1
4499,ティースプーン,ティースプーン,名詞,1
4500,口すぼめ,口すぼめ,名詞,1
4501,包む,包む,動詞,1
4502,時計回り,時計回り,名詞,1
4503,反時計回り,反時計回り,名詞,1
4504,頚髄,頚髄,名詞,1
4505,バスボード,バスボード,名詞,1
4506,炭酸水,炭酸水,名詞,1
4507,少額,少額,名詞,1
4508,複数人,複数人,名詞,1
4509,山積み,山積み,名詞,1
4510,性質,性質,名詞,1
4511,レインウエア,レインウエア,名詞,1
4512,ウール,ウール,名詞,1
4513,ニット,ニット,名詞,1
4514,レーヨン,レーヨン,名詞,1
4515,パジャマ,パジャマ,名詞,1
4516,絹,絹,名詞,1
4517,ブラウス,ブラウス,名詞,1
4518,レシート,レシート,名詞,1
4519,賞味,賞味,名詞,1
4520,期限切れ,期限切れ,名詞,1
4521,足部,足部,名詞,1
4522,激励,激励,名詞,1
4523,特異,特異,名詞,1
4524,故人,故人,名詞,1
4525,長期化,長期化,名詞,1
4526,足根骨,足根骨,名詞,1
4527,神経細胞,神経細胞,名詞,1
4528,セロトニン,セロトニン,名詞,1
4529,支配,支配,名詞,1
4530,殿筋,殿筋,名詞,1
4531,上腕三頭筋,上腕三頭筋,名詞,1
4532,内転,内転,名詞,1
4533,底屈,底屈,名詞,1
4534,脛骨,脛骨,名詞,1
4535,脈絡膜,脈絡膜,名詞,1
4536,偏り,偏り,名詞,1
4537,バリア,バリア,名詞,1
4538,有棘層,有棘層,名詞,1
4539,顆粒,顆粒,名詞,1
4540,盲腸,盲腸,名詞,1
4541,妥当,妥当,名詞,1
4542,ハヴィガースト,ハヴィガースト,名詞,1
4543,中年期,中年期,名詞,1
4544,良心,良心,名詞,1
4545,道徳心,道徳心,名詞,1
4546,市民的,市民的,名詞,1
4547,気心,気心,名詞,1
4548,社交,社交,名詞,1
4549,類似,類似,名詞,1
4550,割り込む,割り込む,動詞,1
4551,ホメオスタシス,ホメオスタシス,名詞,1
4552,性交,性交,名詞,1
4553,性差,性差,名詞,1
4554,勤務状況,勤務状況,名詞,1
4555,同年代,同年代,名詞,1
4556,恒常性,恒常性,名詞,1
4557,適応力,適応力,名詞,1
4558,免疫力,免疫力,名詞,1
4559,抵抗力,抵抗力,名詞,1
4560,典型的,典型的,名詞,1
4561,呈する,呈する,動詞,1
4562,慢性的,慢性的,名詞,1
4563,掻痒症,掻痒症,名詞,1
4564,カプグラ,カプグラ,名詞,1
4565,浮気,浮気,名詞,1
4566,幻,幻,名詞,1
4567,同居人,同居人,名詞,1
4568,偽物,偽物,名詞,1
4569,語り合う,語り合い,動詞,1
4570,中期,中期,名詞,1
4571,自律,自律,名詞,1
4572,人的,人的,形状詞,1
4573,容易,容易,形状詞,1
4574,聴取,聴取,名詞,1
4575,BGM,ＢＧＭ,名詞,1
4576,音量,音量,名詞,1
4577,タッチケア,タッチケア,名詞,1
4578,アート,アート,名詞,1
4579,セラピー,セラピー,名詞,1
4580,侵害,侵害,名詞,1
4581,不可能,不可能,名詞,1
4582,等級,等級,名詞,1
4583,契機,契機,名詞,1
4584,弱者,弱者,名詞,1
4585,長期入院,長期入院,名詞,1
4586,独居,独居,名詞,1
4587,負う,負っ,動詞,1
4588,握れる,握れ,動詞,1
4589,非接触,非接触,名詞,1
4590,体温計,体温計,名詞,1
4591,橈骨,橈骨,名詞,1
4592,拇指,拇指,名詞,1
4593,マンシェット,マンシェット,名詞,1
4594,隙間,隙間,名詞,1
4595,揺さぶる,揺さぶっ,動詞,1
4596,上端,上端,名詞,1
4597,蒸留水,蒸留水,名詞,1
4598,右肺,右肺,名詞,1
4599,粘性,粘性,名詞,1
4600,幽門,幽門,名詞,1
4601,噴門,噴門,名詞,1
4602,上方,上方,名詞,1
4603,胃底,胃底,名詞,1
4604,小弯,小弯,名詞,1
4605,空腸,空腸,名詞,1
4606,癒着,癒着,名詞,1
4607,ぬるま湯,ぬるま湯,名詞,1
4608,目標達成,目標達成,名詞,1
4609,クイズ,クイズ,名詞,1
4610,情けない,情けない,形容詞,1
4611,印象,印象,名詞,1
4612,アニメ,アニメ,名詞,1
4613,グッズ,グッズ,名詞,1
4614,心情,心情,名詞,1
4615,隅,隅,名詞,1
4616,花柄,花柄,名詞,1
4617,大学病院,大学病院,名詞,1
4618,ドーパミン,ドーパミン,名詞,1
4619,アドレナリン,アドレナリン,名詞,1
4620,コルチゾール,コルチゾール,名詞,1
4621,グルカゴン,グルカゴン,名詞,1
4622,無地,無地,名詞,1
4623,直接,直接,名詞,1
4624,止め,止め,名詞,1
4625,とにかく,とにかく,副詞,1
4626,泊まり,泊まり,名詞,1
4627,出張,出張,名詞,1
4628,振り込む,振り込ま,動詞,1
4629,継続雇用制度,継続雇用制度,名詞,1
4630,承諾,承諾,名詞,1
4631,計画立案,計画立案,名詞,1
4632,パーソン,パーソン,名詞,1
4633,センタード,センタード,名詞,1
4634,共通点,共通点,名詞,1
4635,ケアマニュアル,ケアマニュアル,名詞,1
4636,血便,血便,名詞,1
4637,温泉,温泉,名詞,1
4638,チーズ,チーズ,名詞,1
4639,ヨーグルト,ヨーグルト,名詞,1
4640,アスパラガス,アスパラガス,名詞,1
4641,同様,同様,形状詞,1
4642,遅れる,遅れ,動詞,1
4643,政策,政策,名詞,1
4644,焦り,焦り,名詞,1
4645,害する,害し,動詞,1
4646,コンサルテーション,コンサルテーション,名詞,1
4647,コーチング,コーチング,名詞,1
4648,ティーチング,ティーチング,名詞,1
4649,メンバーシップ,メンバーシップ,名詞,1
4650,レッグ,レッグ,名詞,1
