一人暮らし,66
尿失禁,30
脳梗塞,29
看護師,25
胃ろう,25
令和,25
二人暮らし,24
便秘,24
要介護認定,23
右側,23
妄想,22
衣服,22
糖尿病,21
気管,20
失行,19
社会福祉士,18
骨折,18
腹部,18
理学療法士,17
有料,17
頸髄,17
結腸,16
孫,16
長女,16
血管,15
浴室,15
便器,15
嘔吐,15
都道府県,15
脊髄,14
咽頭,14
咳,14
主治医,14
上肢,14
便座,14
見当識,14
体型,14
肺炎,13
頸部,13
幻視,13
若年性,12
頭部,12
交通事故,12
着衣,12
廊下,11
側索,11
鼻腔,11
睡眠時間,11
抑うつ,11
副菜,11
徘徊,11
脳出血,11
計画書,11
相談員,10
小脳,10
大腿,10
繊維,10
食道,10
入所者,10
脳性麻痺,10
電動車,10
酸素,10
万人,10
審査会,9
骨,9
顎,9
小規模,9
自閉症,9
背中,9
坐薬,9
保健所,9
感染症,9
筋肉,8
喉頭,8
低血圧,8
医療機関,8
うつ病,8
先端,8
変形性,8
手指,8
手話,8
側頭,8
直腸,8
透析,8
暴力,8
せん妄,8
伷塞,8
膀胱,7
精神科,7
腰髄,7
災害時,7
補聴器,7
塩分,7
たんぱく質,7
骨粗鬆症,7
歩き回る,7
数か月,7
背部,7
四肢麻痺,7
前頭,7
愛着,7
運転免許,7
人工呼吸器,7
滅菌,7
装置,6
舌,6
表面,6
人格,6
後期,6
経鼻,6
腰痛,6
汗,6
臀部,6
手袋,6
膝関節症,6
主菜,6
次亜,6
塩素酸,6
一人息子,6
職場,6
大腿骨,6
喉,6
児童,6
中等,6
下剤,6
両足,6
心臓,6
網膜,6
耳垢,6
足浴,6
恥骨,6
合理的配慮,6
洗濯機,6
浣腸,6
点字,5
交感,5
白癬,5
水晶体,5
頭痛,5
音域,5
幻覚,5
構音,5
筋萎縮,5
義肢,5
失語症,5
肺,5
元年,5
宿泊,5
柵,5
洋式,5
季節,5
湯温,5
取り除く,5
嫌,5
評価日,5
球菌,5
溢流性,5
精神障害,5
労働者,5
つぶやく,5
柄,5
右膝,5
仙骨,5
前傾,5
招集,5
自立度,5
失認,5
可動域,5
沈む,5
1級,5
生命,5
聴覚障害,5
取っ手,5
病棟,5
患者,5
物品,5
個室,5
消毒液,5
歩行器,5
翌日,5
半身,5
母子,5
指導者,5
今まで,5
固縮,5
精神保健指定医,5
2級,5
更生,5
余命,5
液温,5
精神障害者,5
発汗,5
合唱,5
梗塞,5
現場,5
親指,5
大正琴,5
口数,4
医療保険,4
額,4
社会保険,4
保険者,4
事務,4
瞳孔,4
白濁,4
掛ける,4
骨盤,4
死期,4
指示書,4
老人福祉法,4
後期高齢者医療制度,4
消化管,4
小刻み,4
得意,4
刻み食,4
呼吸困難,4
栄養素,4
送迎,4
五十音,4
耳元,4
匿名化,4
傷,4
上顎,4
寄せる,4
腋窩,4
高血圧症,4
手洗い,4
消費,4
安眠,4
夜食,4
共通,4
耐性,4
保菌,4
保菌者,4
入居者,4
険しい,4
座り込む,4
貼る,4
帯状,4
卒業後,4
一定期間,4
脊柱,4
上回る,4
非正規雇用,4
労働者数,4
道具,4
爆発,4
静脈血,4
体内,4
周期,4
薄暗い,4
危険性,4
注意点,4
常同,4
硬膜,4
通学,4
湿度,4
寝具,4
暮らせる,4
乾く,4
加える,4
素早い,4
食中毒,4
歯科衛生士,4
肛門,4
横行,4
足底,4
人工,4
高血圧,4
漂白剤,4
少量,4
閉じこもる,4
半側,4
救急車,4
紙おむつ,4
冷房,4
休息,4
あいづち,4
思い込む,4
分野,4
それぞれ,4
巡回,4
放課後,4
就労定着支援,4
熟睡,4
脳卒中,4
利き手,4
医学的,4
内閣府,4
選択肢,4
亡くす,4
浸す,4
失語,4
眠気,4
着ける,4
絞る,4
床材,4
冷水,4
踵,4
前腕,4
泡,4
洗い流す,4
防虫剤,4
特殊,4
専門医,4
息苦しい,4
休職,4
強直,4
共助,4
散乱,4
開き戸,4
菌,4
育成,4
大脳,4
口臭,4
短時間,4
下顎,4
物質,4
溝,4
前輪,4
駆動輪,4
腰部,4
多動,4
壁紙,4
耳介,4
主に,4
受講,4
当事者,4
入会,4
夏祭り,4
筆記,4
尿路,4
尿道,4
発信,4
駐車場,4
健康食品,4
商品,4
油絵,4
住居,4
表皮,4
緑内障,3
携帯用,3
世界保健機関,3
肢体,3
海馬,3
視床,3
消化,3
心拍数,3
三角,3
大胸筋,3
炭水化物,3
身長,3
汗腺,3
漏れる,3
眠り,3
意図的,3
事業主,3
道路交通法,3
流動性,3
受け身,3
投影,3
退行,3
震え,3
毎食,3
血糖,3
泥棒,3
保管場所,3
目印,3
中核,3
講座,3
にぎやか,3
眼球,3
保健師,3
腹臥位,3
胃内,3
審議会,3
あり方,3
文化,3
私物,3
上限,3
口元,3
氏名,3
食卓,3
感想,3
滑り止め,3
倒す,3
昇降,3
廃用,3
過ごせる,3
主食,3
生活習慣病,3
差し込み,3
自動,3
寝だめ,3
切り離す,3
くも膜下出血,3
起き上がる,3
かみ合う,3
行方不明,3
水疱,3
発赤,3
疱疹,3
染色体,3
昨年,3
聞き手,3
生活史,3
浮く,3
秘密,3
同調,3
出席,3
変わり,3
動脈,3
硝子,3
網膜症,3
初日,3
疥癬,3
尿量,3
取り引き,3
貧血,3
明るさ,3
後屈,3
気味,3
市販,3
導尿,3
保温,3
水頭症,3
昔,3
世代,3
帰れる,3
対処,3
人間的,3
復権,3
遅れ,3
流れ,3
難病,3
有効期限,3
反映,3
清浄,3
名乗る,3
災害対策基本法,3
販売,3
日間,3
要介護状態,3
通院,3
歯磨き,3
常温,3
まな板,3
回腸,3
素材,3
塩素,3
時間帯,3
熱心,3
事由,3
切断,3
術,3
だんずる,3
中退,3
給付金,3
代金,3
戸惑う,3
双方向,3
生存,3
構成員,3
禁ずる,3
教育,3
対象家族,3
利用者負担,3
全額,3
人材,3
老年期,3
円熟,3
顔色,3
低血糖,3
顔面,3
家庭内,3
標準的,3
前立腺,3
肥大,3
両膝,3
仕方,3
大半,3
色素,3
滴下,3
民間,3
茶道,3
教員,3
緊急時,3
記号,3
耐える,3
戻れる,3
共感的,3
問いかけ,3
機械,3
整容,3
外出先,3
座り直す,3
喘息,3
多点,3
入手,3
流水,3
洗剤,3
境目,3
衣装,3
高温,3
寝台,3
暮らし,3
小腸,3
涙,3
造園業,3
身寄り,3
治まる,3
足指,3
交える,3
思考力,3
寝つき,3
在り方,3
間代,3
重積,3
覚知,3
距離,3
税,3
第一号被保険者,3
訪問型,3
日常的,3
指す,3
聞き取れる,3
叱る,3
滑る,3
離す,3
食道炎,3
最後,3
死亡後,3
最終的,3
息切れ,3
管理栄養士,3
発する,3
受け取る,3
頭頂,3
早期,3
習慣,3
賞味期限,3
歯磨き粉,3
入退院,3
優生,3
国民健康保険団体連合会,3
送れる,3
使用者,3
標準型,3
浮力,3
水圧,3
上腕,3
毛布,3
申し送り,3
健康診断,3
老人福祉,3
弱まる,3
低め,3
身体障害者福祉法,3
暴言,3
一人娘,3
驚く,3
菓子,3
軽費,3
結核,3
お世話,3
性的,3
正面,3
都合,3
先天性,3
全盲,3
衰え,3
共感的理解,3
屈曲,3
右肘,3
空腹,3
座面,3
軟らかい,3
我が国,3
死因,3
精神病,3
日付,3
翌朝,3
片付ける,3
片側,3
深める,3
寄り添う,3
嫉妬,3
基底,3
不良,3
固形,3
液状,3
湯沸し,3
お祭り,3
他害,3
面談,3
申込み,3
適正化,3
申し出,3
東京,3
競技,3
格子,3
罰,3
裁縫,3
巻く,3
軟膏,3
洗身,3
雪かき,3
公共職業安定所,3
中耳,3
心筋,3
振る,3
改修費,3
届く,3
付く,3
演奏,3
完成,3
会社員,3
第1号被保険者,3
判定基準,3
飼う,3
説明書,3
歯みがき,3
上体,3
済む,3
隣室,3
捻挫,2
完治,2
就く,2
近づける,2
開放,2
支え,2
外界,2
明暗,2
文字盤,2
想像,2
年金保険,2
加入者,2
総額,2
明示,2
同居家族,2
情報共有,2
所有,2
支援策,2
延髄,2
気道,2
血糖値,2
散大,2
重力,2
僧帽筋,2
役立つ,2
係数,2
食塊,2
活性化,2
皮脂,2
尊厳死,2
安楽死,2
脳死,2
生殖,2
高年齢者等の雇用の安定等に関する法律,2
高年齢,2
肝臓,2
短縮,2
腎臓,2
知的,2
結晶,2
甲状腺,2
ふらふら,2
冷や汗,2
食前,2
内服薬,2
家庭的,2
仮性,2
前期,2
病期,2
講師,2
務める,2
訂正,2
鑑賞,2
念慮,2
広汎性,2
履物,2
製作,2
臨床,2
面接,2
疲れ,2
辞める,2
助産師,2
細菌,2
創造,2
名誉,2
静脈,2
気軽,2
娯楽,2
囲む,2
禁止行為,2
注目,2
追及,2
指さす,2
無理,2
目覚める,2
光源,2
肘かけ,2
天井,2
爪やすり,2
専用,2
厚手,2
好み,2
前あき,2
上衣,2
臍,2
咀嚼力,2
洗面器,2
煮物,2
右利き,2
紅茶,2
明確化,2
焦点,2
目標設定,2
不適切,2
掴む,2
使い捨て,2
溶液,2
増す,2
仮面,2
世話人,2
きっと,2
身振り,2
次回,2
正規雇用,2
支え合い,2
追求権,2
財産権,2
生存権,2
無職,2
国民健康保険,2
乗車,2
通訳者,2
市役所,2
診断書,2
特定健康診査,2
洗面,2
適応機制,2
反動,2
昇華,2
左心室,2
大静脈,2
肺動脈,2
結膜,2
充血,2
白内障,2
酵素,2
成分,2
糖質,2
脂質,2
丘疹,2
蕁麻疹,2
発熱,2
再生,2
助ける,2
個人差,2
混じる,2
飲水,2
探し物,2
長谷川,2
思い出せる,2
早期発見,2
引っ越す,2
米,2
支え合う,2
集中力,2
思考,2
待てる,2
潰瘍,2
児童相談所,2
循環,2
受入れ,2
か国,2
合格,2
退職時,2
長期間,2
撮影,2
消火,2
破産,2
介護休業法,2
休暇,2
運動性,2
飲める,2
軽微,2
掃く,2
雑巾,2
頚椎,2
歯肉,2
斜め,2
後輪,2
両腕,2
砂利道,2
解凍,2
冷凍,2
飲食物,2
排泄物,2
熱い,2
心不全,2
処置,2
着物,2
違い,2
ありのまま,2
集約,2
評価基準,2
精神保健及び精神障害者福祉に関する法律,2
定時,2
自家用車,2
経済的負担,2
購入費,2
告げる,2
通ずる,2
一方的,2
打つ,2
祖母,2
無意識,2
発散,2
口癖,2
嫌悪,2
対話,2
社会化,2
活躍,2
重点,2
育児休業,2
雇用主,2
父母,2
面倒,2
転職,2
災害補償,2
従業員,2
改正内容,2
食費,2
居住費,2
訪問支援,2
精神保健福祉士,2
栄養士,2
改めて,2
公表,2
評議員,2
好む,2
舌下,2
好発,2
括約筋,2
意識的,2
遺伝性,2
肺がん,2
いきなり,2
厳しい,2
乳幼児,2
喃語,2
混合,2
保佐人,2
全般的,2
段階的,2
最善,2
見捨てる,2
合併,2
夜盲,2
上田,2
持ち手,2
現時点,2
予防策,2
深さ,2
師範,2
実家,2
緑茶,2
伴奏,2
教え子,2
構成要素,2
同一,2
携帯電話,2
共用,2
燃え尽きる,2
疲労感,2
教諭,2
嬉しい,2
改める,2
埋め込む,2
肯定,2
下記,2
予備,2
洗顔,2
身頃,2
結ぶ,2
引き上げる,2
酸味,2
体格指数,2
頭皮,2
生え際,2
保湿剤,2
込む,2
尿臭,2
替える,2
日当たり,2
干し,2
日陰,2
平干し,2
冷罨法,2
詩吟,2
聞き取り,2
個々,2
脚立,2
父子,2
向き合う,2
押さえる,2
そんな,2
相互扶助,2
無料,2
予算,2
努力義務,2
芸術,2
支給申請,2
事件,2
概況,2
最高,2
裁判所,2
総局,2
文化的,2
片づける,2
俳句,2
床面,2
白書,2
無効,2
中度,2
照らす,2
許す,2
願望,2
地震,2
畳む,2
作り直す,2
昇る,2
乳製品,2
腸炎,2
不十分,2
時刻,2
喘鳴,2
抽出,2
次女,2
意欲的,2
体育,2
野球,2
遠く,2
農業,2
そろそろ,2
収穫,2
うつむく,2
後継者,2
解ける,2
参照,2
舌骨,2
咳嗽,2
効率,2
血流,2
健康診査,2
清明,2
脂肪酸,2
高度,2
迷う,2
手助け,2
果たす,2
騒ぐ,2
依存症,2
打ちつける,2
方向転換,2
身の回り,2
賞賛,2
側頭葉,2
後頭葉,2
頻尿,2
角膜,2
混濁,2
死斑,2
浸漬,2
しんし,2
死滅,2
関節症,2
缶詰,2
家族構成,2
申し訳,2
悪口,2
長所,2
睡眠不足,2
遊び,2
歳時,2
生涯,2
自治会,2
六法,2
意見書,2
一員,2
無言,2
化粧,2
配食,2
両者,2
区切る,2
脱衣,2
床置き,2
引き戸,2
靴底,2
踏切,2
胸髄,2
片手,2
たいそう,2
全量,2
刻む,2
温熱,2
指間,2
通路,2
寄りかかる,2
下腿,2
吸い込む,2
湿気,2
最終,2
せいしき,2
小学,2
入れ替わる,2
誤り,2
病的,2
身近,2
積み重ねる,2
大腸がん,2
高血糖,2
抗うつ薬,2
鑑別,2
離床,2
さまざま,2
抜き,2
中脳,2
線維,2
高ぶる,2
最大,2
眼鏡,2
壊れる,2
粘膜,2
消費期限,2
急ぐ,2
角化,2
素手,2
介護保険料,2
道路,2
親戚,2
転院,2
頼る,2
深夜,2
最低限度,2
人員,2
取り巻く,2
現役世代,2
上位,2
拡充,2
基盤,2
具合,2
近年,2
所長,2
戸籍上,2
性同一性障害,2
食べこぼし,2
坂道,2
高校生,2
今度,2
徹底,2
緊張感,2
騒音,2
髄節,2
外耳,2
左肩,2
大量,2
献立,2
寒さ,2
左膝,2
底面,2
浮かす,2
胸部,2
隠す,2
主成分,2
漂白,2
柄物,2
返し縫い,2
良質,2
効率的,2
資金,2
ため息,2
語彙,2
あいまい,2
同系,2
精神保健福祉法,2
半盲,2
停止,2
専門家,2
主導,2
心気,2
不明瞭,2
壊す,2
動脈血,2
水様,2
泥状,2
体外,2
取り込む,2
白湯,2
散らかる,2
幻聴,2
恐れ,2
蹴る,2
全面的,2
福祉課,2
様々,2
積む,2
小遣い,2
来客,2
外部,2
助け合う,2
読み上げる,2
障壁,2
国際連合,2
個人情報保護法,2
老齢,2
装甲,2
運動野,2
体性,2
うつ状態,2
歯周病,2
内容物,2
選択的,2
柱,2
配布,2
水道代,2
受付,2
契約内容,2
震える,2
資質,2
訪室,2
同席,2
付ける,2
役割分担,2
両耳,2
交代,2
勤務表,2
踏み出す,2
幅,2
両端,2
触る,2
前開き,2
前かがみ,2
矢印,2
姿,2
手掌,2
休憩,2
中継,2
投げる,2
立脚,2
麻雀,2
労務管理,2
退職後,2
高額,2
感染症法,2
扁桃,2
骨格,2
循環器,2
砂,2
担任,2
閉店,2
取消し,2
責める,2
数日間,2
市町村長,2
感音,2
計画的,2
休憩時間,2
年々,2
傷つける,2
新聞紙,2
生活様式,2
垂直,2
笑う,2
返事,2
一般的,2
握力,2
単純,2
組立て,2
冊子,2
隣町,2
頼れる,2
年金制度,2
恐怖,2
情動,2
下垂体,2
鼻道,2
角質層,2
後輩,2
ときどき,2
聴覚障害者,2
預ける,2
胸骨,2
分泌物,2
膨満,2
快適,2
次々,2
浸透,2
開封,2
いかが,2
診療所,2
薄弱,2
言語的,2
そっと,2
お願い,2
右肩,2
真ん中,2
視覚的,2
模様,2
弁当,2
流動,2
軟便,2
傾き,2
気遣う,1
題,1
強制的,1
先天的,1
ろう者,1
両眼,1
触手,1
延ばす,1
運動器症候群,1
死亡者数,1
胃がん,1
成年者,1
産前,1
産後,1
産休中,1
補塡,1
育児一時金,1
休業補償給付,1
傷病手当金,1
育児休業給付,1
出産手当金,1
社会保険制度,1
労災保険,1
現金給付,1
現金,1
部門別,1
理美容,1
印鑑,1
草むしり,1
差別的,1
相談窓口,1
高齢化,1
地方公共団体,1
不動産屋,1
集金,1
松果体,1
苔,1
胸鎖,1
乳突,1
軟口蓋,1
不感,1
蒸泄,1
創傷,1
加圧,1
筋群,1
過敏,1
昏睡,1
代理人,1
青年期,1
信頼感,1
同一性,1
運転免許証,1
脂溶性,1
優越感,1
ひきこもる,1
無意識的,1
いらいら,1
立ちくらみ,1
良性,1
頭位,1
耳鳴り,1
不整脈,1
併せる,1
長びく,1
遅め,1
朝方,1
炊事,1
几帳面,1
自己責任,1
伝音,1
語音,1
自殺,1
直腸障害,1
下図,1
取れる,1
講習,1
流動食,1
腰かける,1
付近,1
気泡,1
合同,1
分科会,1
具申,1
通報者,1
側面,1
一声,1
湯飲み,1
注ぐ,1
対極,1
深部,1
血栓症,1
定員数,1
精神科医,1
手引き,1
四方,1
永続,1
中腰,1
定期健診,1
勤務時間,1
静的,1
短期間,1
話し手,1
検討会,1
家族情報,1
映像,1
住所,1
送受信,1
議事録,1
退席,1
動線,1
這う,1
腫れ,1
中央,1
柔らかめ,1
服装,1
握り,1
転子,1
腸骨,1
糖分,1
乳酸菌,1
虚血性,1
平常,1
尿器,1
腸管,1
出血性,1
大腸菌,1
固い,1
縛る,1
白身,1
煮つけ,1
ゆで卵,1
焼き肉,1
商店街,1
実収入,1
可処分,1
和食,1
多量,1
平日,1
主語,1
歩き回れる,1
交友,1
得点,1
基く,1
嫌気,1
泊まれる,1
湿布,1
乾布,1
ぬるめ,1
熱め,1
背もたれ,1
測る,1
重要性,1
ゆりかご,1
墓場,1
制度設計,1
嫁ぐ,1
かわいい,1
親切,1
ござる,1
高低,1
手振り,1
言い分,1
ほぐす,1
漠然,1
全世帯,1
母子世帯,1
終身雇用,1
就業率,1
雇用者数,1
下回る,1
市場,1
専業主婦,1
被扶養者,1
労働者災害補償保険,1
健康保険,1
基本理念,1
営める,1
負傷,1
講じる,1
乗務員,1
店員,1
申出,1
主催者,1
賃貸契約,1
不動産業,1
床ずれ,1
胸囲,1
検診,1
希望者,1
特定保健指導,1
持ち家,1
利用者負担額,1
義務者,1
金融機関,1
借入れ,1
水洗,1
便所,1
面積,1
単身,1
代表,1
もともと,1
割る,1
代える,1
どうせ,1
打ち切る,1
血管系,1
弁,1
体表,1
拍動,1
眼,1
黄斑,1
流行性角結膜炎,1
目やに,1
生体,1
化学,1
無機質,1
しょうすい,1
灰白色,1
線,1
湿疹,1
麻薬,1
鎮痛剤,1
腸閉塞,1
膀胱炎,1
残尿,1
強力,1
ぐっすり,1
不眠症,1
熟眠,1
時差,1
暮れ,1
臨終,1
規則的,1
学説,1
破局,1
分裂,1
安らか,1
助かる,1
絶望,1
骨密度,1
肺活量,1
まぶしい,1
血,1
大股,1
無表情,1
昨夜,1
風邪薬,1
下半身,1
すっきり,1
居場所,1
悲しむ,1
家族歴,1
在職,1
気づき,1
病名,1
飯,1
海外,1
制止,1
出入口,1
通行止め,1
札,1
個別的,1
作り出す,1
行動変容,1
交通機関,1
動ける,1
対人,1
統一性,1
持てる,1
大腸炎,1
靭帯,1
骨化,1
抑え込む,1
適当,1
正当化,1
後戻り,1
通園,1
保育士,1
保育,1
値,1
基準値,1
角度,1
とおり,1
経済連携協定,1
東南,1
受入れる,1
限り,1
法改正,1
懲役,1
罰金,1
処する,1
し終わる,1
何時間,1
勤め,1
絶える,1
扱い,1
都道府県域,1
一体的,1
救急隊,1
顔写真,1
広報誌,1
転居先,1
消防法,1
大規模,1
本部,1
名簿,1
一昨,1
高価,1
消費者,1
育児休業期間,1
満,1
短時間勤務制度,1
看護休暇,1
付添い,1
介護休暇,1
未然,1
もどかしい,1
問いただす,1
気晴らし,1
探しだす,1
しぼる,1
畳み,1
離せる,1
逝く,1
お迎え,1
奇抜,1
数多く,1
苦労,1
見通せる,1
清掃,1
茶殻,1
散布,1
はたき,1
喫茶,1
集う,1
洗口液,1
薄手,1
通気性,1
一回り,1
防水性,1
袖幅,1
なおす,1
裏,1
後ろ向き,1
見取図,1
列車,1
生食用,1
海産,1
魚介類,1
塩水,1
咳込む,1
崩れる,1
会陰,1
腸内,1
蓮,1
催す,1
れんこん,1
ふさわしい,1
節分,1
お節料理,1
桃の節句,1
ひな祭り,1
柏餅,1
七草,1
土用,1
丑,1
うなぎ,1
かば焼き,1
冬至,1
ちまき,1
生野菜,1
肝,1
たんぱく,1
住居費,1
水道光熱費,1
交際費,1
教養,1
ほころび,1
破れ,1
修理,1
沈みこむ,1
おなか,1
帯紐,1
縦結び,1
乖離,1
安全性,1
短気,1
退所,1
抱き起こす,1
気温,1
際,1
傷病補償年金,1
厚生年金,1
児童扶養手当,1
特別障害,1
有料道路,1
高速,1
国道,1
通行料金,1
洗車,1
料金,1
腱,1
断裂,1
壊死,1
霧,1
著作,1
公民権,1
最低,1
人種隔離政策,1
失聴,1
多人数,1
多用,1
転移,1
嫌う,1
敬意,1
衣食住,1
性欲,1
くつろぎ,1
創出,1
法人格,1
認定特定非営利活動法人,1
優遇措置,1
救援,1
契約社員,1
連続,1
育児休業中,1
給与支給,1
転入,1
再調整,1
途上,1
自営業者,1
位置づけ,1
法令遵守,1
義務づけ,1
材料費,1
支給要件,1
手芸,1
所在地,1
財務諸表,1
解放,1
貯蔵,1
副腎,1
耳下腺,1
導管,1
開口,1
抗菌,1
どきどき,1
不慮,1
事故死,1
吐く,1
摂る,1
抗がん剤,1
心理状態,1
積み木,1
見方,1
視野,1
低周波,1
感受性,1
重なる,1
学習性無力感,1
陰性,1
慢性疾患,1
腹筋,1
昇り降り,1
整形外科,1
泊る,1
案内,1
作図,1
一部分,1
一種,1
貼付,1
悪心,1
献身的,1
孝行,1
慰める,1
懸命,1
職業的,1
躁うつ,1
強迫,1
職場適応援助者,1
口内炎,1
眼圧,1
曲げる,1
病室,1
未使用,1
切開,1
作動,1
劣化,1
固形化,1
液面,1
介護離職,1
次第,1
来所,1
一体型,1
土石流,1
地滑り,1
津波,1
寝かせる,1
事故後,1
洗面所,1
凝り,1
無気力,1
感動,1
負ける,1
かわいそう,1
誇り,1
知恵,1
叙述,1
論点,1
完了,1
揚げ物,1
防火,1
材料,1
袖口,1
鍋,1
火災警報器,1
火力,1
弾力性,1
取りつける,1
調理用具,1
頭上,1
つり棚,1
歯磨剤,1
耳あか,1
背縫い,1
腰紐,1
結び目,1
経路情報,1
折り畳み傘,1
伏せる,1
松葉杖,1
麺類,1
濃い,1
左腕,1
上唇,1
枯れる,1
露出,1
濡らす,1
後頭部,1
余分,1
硫黄,1
腰上げ,1
差し込む,1
両脚,1
陰茎,1
待機,1
最中,1
収まる,1
漂う,1
濡れる,1
緊急度,1
布巾,1
金属製,1
刃,1
隣県,1
死去,1
お礼,1
気遣い,1
打ち込む,1
経験則,1
優先順位,1
緊急性,1
自体,1
変更内容,1
外転,1
痛む,1
涙ぐむ,1
退院前,1
熱処理,1
塗り薬,1
治る,1
寡婦,1
児童発達支援管理責任者,1
震わせる,1
慌てる,1
迷い,1
話合い,1
洞察,1
私生活,1
長時間労働,1
時間外労働,1
有給休暇,1
正規雇用労働者,1
非正規雇用労働者,1
当然,1
中小企業,1
老齢基礎年金,1
社会保険料,1
給付額,1
振興,1
決まり,1
古紙,1
保佐,1
申立て,1
支払える,1
無差別,1
挽く,1
美容院,1
美術館,1
溜まる,1
立てかける,1
押し入れ,1
換える,1
風呂場,1
打合せ,1
接触感染,1
矛盾点,1
触覚,1
強弱,1
善悪,1
黙認,1
仕事場,1
一戸建て,1
書棚,1
食器棚,1
非常時,1
持ち出す,1
給付対象,1
腰掛け,1
取り外し,1
付加,1
優先的,1
細か,1
袖ぐり,1
破損,1
修復,1
静止,1
お茶漬け,1
済ます,1
目尻,1
目頭,1
半身浴,1
折れる,1
採尿,1
尿漏れ,1
解熱,1
腹式,1
入り,1
ごみ箱,1
もみ洗い,1
売買契約書,1
業者,1
契約書,1
冷暖房,1
響く,1
紐,1
使役,1
専門用語,1
音信,1
不通,1
教師,1
野球部,1
起居,1
全国大会,1
嘆く,1
眺める,1
学び直す,1
謝る,1
夏野菜,1
採れたて,1
にこやか,1
立ち去る,1
微笑,1
免許証,1
運転者,1
個数,1
騒がしい,1
限局,1
鼻汁,1
微熱,1
無関係,1
歯科,1
処方箋,1
推計値,1
初期症状,1
周回,1
居る,1
年前,1
日記帳,1
かかりつけ医,1
職場復帰,1
不利益,1
痙直,1
内因性,1
脳腫瘍,1
社会性,1
眼底,1
失明,1
善意,1
脅かす,1
遺伝子,1
好意,1
前頭葉,1
辺縁系,1
巻き爪,1
鉄,1
青紫,1
爪白,1
無症状,1
予後,1
心因性,1
淡黄,1
大腸,1
痛がゆい,1
実地,1
修了,1
詰まる,1
缶,1
移す,1
基本情報,1
独自,1
調子,1
忘れ,1
園芸,1
応急,1
緊急措置,1
電波,1
飛ばす,1
失敗談,1
取り上げる,1
月間,1
平衡,1
屈曲位,1
高め,1
覚え書,1
口論,1
両立,1
演じる,1
模擬,1
冗談,1
核家族,1
ひとり親,1
患者会,1
診療報酬,1
支払,1
基金,1
特別区,1
日本年金機構,1
被保険者証,1
警察官,1
事実確認,1
借金,1
会長,1
片づく,1
取り替える,1
居間,1
複数回,1
物理療法,1
夜型,1
開設,1
床面積,1
添う,1
手配,1
不利,1
知らす,1
賛成,1
親しみ,1
込める,1
呼び合う,1
付き添い,1
持参,1
決意,1
閉ざす,1
情報源,1
腕組み,1
室温,1
小型,1
蒸気,1
内開き,1
開閉,1
気密性,1
棒型,1
つまずく,1
足背,1
覆う,1
苦味,1
力点,1
越える,1
高所,1
駆動,1
栄養価,1
芋,1
炭酸飲料,1
手浴,1
押し当てる,1
飲食,1
再利用,1
水道水,1
浸み込む,1
乾かす,1
氷,1
鮮魚,1
精肉,1
伱間,1
詰める,1
冷ます,1
器具,1
微温湯,1
吸着,1
拭き掃除,1
往復,1
保湿,1
消灯,1
意志,1
重要視,1
都度,1
倦怠感,1
傾眠,1
分化,1
五感,1
踏み込む,1
湯船,1
満足感,1
家業,1
黒板,1
書き写す,1
ふぞろい,1
親子関係,1
立て直し,1
味蕾,1
濃い味,1
器質性,1
目標値,1
推奨,1
事柄,1
患者数,1
致死率,1
初発,1
うとうと,1
脳波,1
物音,1
語源,1
坐骨,1
結節,1
最上位,1
仙髄,1
黒質,1
暴行,1
わいせつ,1
減食,1
交付対象,1
一生懸命,1
息抜き,1
所持者,1
思い起こす,1
小児,1
中温,1
切除,1
感染性,1
不規則,1
粘度,1
反射的,1
内径,1
付き合う,1
痩せる,1
不定愁訴,1
寛解,1
歩き,1
隔離,1
飛び出す,1
硬貨,1
自走式,1
業務内容,1
本質,1
神谷,1
美恵子,1
糸賀,1
一雄,1
殴る,1
別室,1
閣議,1
日本型,1
丸ごと,1
合算,1
共働き,1
生産年齢人口,1
負担率,1
加盟国,1
経済協力開発機構,1
重点的,1
直営,1
公的年金,1
月額,1
公営,1
自炊,1
支援金,1
精神障害者保健福祉手帳,1
特例子会社,1
司法書士,1
社会保険労務士,1
税理士,1
医療法,1
医療法人,1
現物給付,1
性別,1
表札,1
通称,1
同性,1
選べる,1
愛称,1
実践力,1
守り,1
持込み,1
万が一,1
復元,1
掲示板,1
盗難,1
休憩室,1
抱きつく,1
背筋,1
率直,1
推し測る,1
励まし,1
妨げ,1
座席,1
冷静,1
多数決,1
同色,1
すべり止め,1
綿棒,1
塞栓,1
右手首,1
接地面,1
交差,1
腎不全,1
植物油,1
香辛料,1
多め,1
拭きとる,1
引き寄せる,1
油,1
緩い,1
貼紙,1
つなぎ服,1
白物,1
薄める,1
除菌,1
裾上げ,1
縫い目,1
手縫い,1
なみ縫い,1
縫い,1
まつり縫い,1
外側,1
対角線,1
入れ込む,1
折り込み,1
押し込む,1
開始時間,1
緊急連絡先,1
浴衣,1
瞬間,1
立ち会う,1
生前,1
髭剃り,1
包帯,1
直感的,1
手元,1
談笑,1
完食,1
接近,1
初語,1
生物,1
機制,1
攻撃,1
潜在的,1
緩む,1
臭い,1
保険証,1
通り,1
安心感,1
亡し,1
近寄る,1
向き,1
無動,1
相関,1
嫁,1
罪業,1
活発化,1
口角,1
口唇,1
負荷,1
骨芽,1
便性,1
満腹,1
迫る,1
突然死,1
心臓死,1
二酸化炭素,1
吸い込める,1
肺胞,1
粘稠,1
近県,1
久しぶり,1
衛生的,1
挙げる,1
薬局,1
張り替える,1
襲う,1
付き添う,1
陽性,1
見知り,1
日用品,1
強打,1
言い換え,1
繰り返し,1
跛行,1
確か,1
拡声器,1
貯蓄,1
突っ張り,1
読み,1
不正確,1
洗える,1
出演,1
交通経路,1
会場内,1
真正面,1
終始,1
語りかける,1
予想,1
駐車,1
邪魔,1
交通量,1
先輩,1
隣保,1
生きがい,1
創る,1
現役,1
昭和,1
国家,1
待機児童,1
作戦,1
有効期間,1
申請先,1
広域,1
連合,1
受験時間,1
持ち込み,1
監督者,1
電磁的記録,1
識別符号,1
一切,1
第三者,1
個人情報の保護に関する法律,1
警察署,1
不登校,1
精神保健福祉手帳,1
正規,1
隣人,1
安楽いす,1
視覚野,1
言語野,1
上腕二頭筋,1
関節炎,1
足趾,1
顎関節,1
ずり落ちる,1
依存性,1
無力感,1
実験,1
透ける,1
左端,1
反対,1
ほほ笑む,1
原始,1
道徳性,1
服従,1
損得,1
発育,1
出生時,1
旧友,1
悲しい,1
申し込む,1
泌尿器,1
腎盂,1
腎炎,1
外反,1
罹患率,1
患部,1
肥満,1
市民,1
先ほど,1
写す,1
折る,1
犯人,1
頭蓋骨,1
凝固,1
第一,1
振込口座,1
口座,1
さりげない,1
一環,1
人本,1
縫う,1
陳述,1
地位,1
受傷,1
右脳,1
左脳,1
習得,1
注意力,1
引きこもる,1
外来,1
開発,1
微生物,1
混ぜる,1
熱水,1
胸腹,1
膨らむ,1
縮む,1
紫色,1
同室,1
吸入,1
切り方,1
介護職,1
部会,1
初め,1
欠かす,1
運転手,1
薬剤師,1
指名,1
拾う,1
目視,1
通り過ぎる,1
食事介助,1
引き続く,1
翌月,1
問題解決,1
おやつ作り,1
一段,1
奥行,1
間接,1
振り,1
後ろ足,1
地面,1
持ちかえる,1
突く,1
食い込む,1
熱感,1
絆創膏,1
肩口,1
深呼吸,1
脂肪,1
温風,1
こすり取る,1
水洗い,1
弱視,1
貨幣,1
紙幣,1
調理器具,1
基部,1
瓶,1
寝床,1
臭気,1
昼光色,1
蛍光灯,1
悔い,1
電磁調理器,1
体圧,1
分散,1
工事,1
業務効率,1
日数,1
達成度,1
転記,1
帰り道,1
地区,1
模式,1
真後ろ,1
出勤,1
同名,1
簡単,1
右寄り,1
行動力,1
予告,1
単独,1
お見舞い,1
精密検査,1
管理職,1
注意喚起,1
懇談会,1
圧力,1
多数派,1
凝集,1
急かす,1
流行,1
組織的,1
指揮命令,1
系統,1
組織図,1
断酒会,1
社会貢献,1
宗教,1
世紀,1
住み込む,1
生活協同組合,1
事業法,1
見送る,1
共済組合,1
指定都市,1
投資信託,1
勧誘,1
相談先,1
公正取引委員会,1
救助,1
感染症の予防及び感染症の患者に対する医療に関する法律,1
ひきこもり,1
家主,1
年金事務所,1
日光浴,1
小骨,1
蝶形骨,1
頭骨,1
頬骨,1
きょうこ,1
上顎骨,1
爪床,1
角質化,1
耳管,1
唐揚げ,1
子宮,1
勝手に,1
鎮痛薬,1
曲線,1
神経系,1
生殖器,1
幼稚園,1
園児,1
登園,1
個体,1
有利,1
固有,1
遺伝,1
生産的,1
抵抗,1
違和感,1
胸痛,1
差し引く,1
介護状態,1
利尿,1
無尿,1
軟骨,1
骨量,1
経歴,1
証明書,1
付す,1
ぎこちない,1
酔っぱらう,1
引きずる,1
発症者,1
用事,1
相貌,1
効く,1
盛り込む,1
法務局,1
悲観,1
強迫性,1
健忘,1
外陰,1
壊疽,1
作業所,1
小遣い帳,1
生活用,1
柔軟,1
上葉,1
中葉,1
下葉,1
腹腔,1
陰圧,1
腹痛,1
速める,1
傷病,1
研修会,1
多様性,1
通い,1
部活動,1
改築,1
生かせる,1
奉仕,1
住宅地,1
洪水,1
内水,1
氾濫,1
警戒,1
消火器,1
液体,1
用量,1
目元,1
じょうず,1
言い表せる,1
文章,1
確かめる,1
言い換える,1
落ちこむ,1
うす暗い,1
了解,1
解決策,1
住環境,1
砂利,1
反対色,1
和洋,1
折衷,1
背上げ,1
中央部,1
背すじ,1
膝頭,1
折れ,1
滑らか,1
膝下,1
餅,1
椅座,1
泌尿器科,1
干す,1
余裕,1
もの忘れ,1
漏れ,1
覚ます,1
硬さ,1
掛け布団,1
重さ,1
見通し,1
入院先,1
死生観,1
利用状況,1
貢献度,1
座れる,1
大工,1
器用,1
任す,1
作業量,1
部品,1
倫理的,1
論文,1
引用元,1
専業,1
農家,1
特別徴収,1
定額,1
品物,1
持ち去る,1
当てはめる,1
年金収入,1
運転中,1
遭う,1
基準額,1
手渡す,1
高等部,1
側弯,1
吸い飲み,1
頭突き,1
後悔,1
くみ取る,1
自走,1
自己愛,1
自己同一性,1
自我,1
表面化,1
具体化,1
関係書類,1
卒業,1
解散,1
定員,1
泊まる,1
自主的,1
再就職先,1
団体交渉権,1
平等権,1
障害者の雇用の促進等に関する法律,1
所定労働時間,1
労働,1
助成金,1
応益,1
家庭菜園,1
脳神経,1
嗅神経,1
三叉,1
迷走,1
前鼻,1
鼻毛,1
塵,1
埃,1
毛細血管,1
嗅細胞,1
鼻孔,1
軟化,1
歯髄,1
侵蝕,1
歯周,1
胃液,1
真皮,1
皮脂腺,1
皮下,1
嗜好,1
大部分,1
数週間,1
心停止,1
減弱,1
対光,1
反抗期,1
神経性無食欲症,1
学童,1
低体重,1
敬老の日,1
記念品,1
不快感,1
衰える,1
若々しい,1
引退後,1
成熟,1
安楽椅子,1
白髪,1
老年,1
両輪,1
進捗,1
近時,1
満点,1
最大限,1
か所,1
疑い,1
同等,1
受動的,1
主体性,1
関節痛,1
些細,1
かすれ声,1
増幅,1
問う,1
陳列,1
棚,1
注文,1
盲導犬,1
来店,1
客,1
蘇生,1
実施者,1
喀出,1
絨毛,1
侵入,1
口蓋垂,1
消化器症状,1
しゃっくり,1
吃逆,1
胸膜,1
胸やけ,1
熱傷,1
噯気,1
口外,1
吐き出す,1
基本計画,1
辞する,1
支度,1
植木,1
法制度,1
労働安全衛生法,1
労働者災害補償保険法,1
労働時間,1
労働条件,1
職場環境,1
出生時育児休業,1
生まれ育つ,1
寝起き,1
余暇,1
課題解決,1
体験談,1
支えあう,1
防災士,1
資格取得,1
飲料水,1
非常食,1
備蓄,1
肺炎球菌,1
紫外線,1
温水,1
聴き取る,1
飲食店,1
暖房,1
除湿機,1
勝敗,1
喫煙,1
洗体,1
抱え上げる,1
引きよせる,1
抱きかかえる,1
支点,1
右脚,1
舌先,1
熱中症,1
渇く,1
飲み物,1
浅め,1
羞恥心,1
扱える,1
あたたか,1
調味料,1
甘み,1
うま味,1
照り,1
酢,1
香り,1
密封,1
絹製品,1
中心線,1
無反応,1
喪失感,1
聴器,1
主催,1
好物,1
悔しい,1
次の日,1
恥ずかしい,1
釣り,1
実務経験,1
信頼,1
調査員,1
移ろう,1
大事,1
経過的,1
創作,1
独身,1
兄弟姉妹,1
両側,1
雑音,1
風景,1
飾り,1
内耳,1
外耳道,1
向かい合う,1
一覧,1
人員配置,1
被災者,1
公平性,1
区画,1
標準化,1
美しい,1
身元保証,1
終身,1
敷地内,1
引退,1
慕う,1
自己判断,1
感染者,1
煮沸,1
家庭用,1
加湿器,1
貯める,1
事業場,1
受検,1
面接指導,1
産業医,1
三親等,1
六親等,1
養親,1
親族関係,1
所得金額,1
身辺,1
支給限度額,1
歴史的,1
世界,1
戦後,1
義務違反,1
健康管理,1
単位,1
対処方法,1
全力,1
指差す,1
入社,1
箇所,1
再発防止,1
潜在,1
入れ替え,1
繁盛,1
退屈,1
全体像,1
効率化,1
同情,1
靴音,1
成功,1
半歩,1
歯垢,1
局部,1
襟元,1
大きめ,1
口すぼめ,1
包む,1
時計回り,1
反時計回り,1
頚髄,1
炭酸水,1
少額,1
複数人,1
山積み,1
絹,1
賞味,1
期限切れ,1
足部,1
激励,1
長期化,1
足根骨,1
神経細胞,1
支配,1
殿筋,1
上腕三頭筋,1
内転,1
底屈,1
脛骨,1
脈絡膜,1
偏り,1
有棘層,1
顆粒,1
盲腸,1
中年期,1
良心,1
道徳心,1
市民的,1
気心,1
社交,1
割り込む,1
性交,1
性差,1
勤務状況,1
同年代,1
恒常性,1
適応力,1
免疫力,1
抵抗力,1
呈する,1
慢性的,1
掻痒症,1
浮気,1
幻,1
同居人,1
偽物,1
語り合う,1
中期,1
自律,1
人的,1
聴取,1
音量,1
等級,1
弱者,1
長期入院,1
握れる,1
非接触,1
体温計,1
橈骨,1
拇指,1
隙間,1
揺さぶる,1
上端,1
蒸留水,1
右肺,1
粘性,1
幽門,1
噴門,1
上方,1
胃底,1
小弯,1
空腸,1
癒着,1
ぬるま湯,1
目標達成,1
情けない,1
印象,1
心情,1
隅,1
大学病院,1
止め,1
とにかく,1
振り込む,1
継続雇用制度,1
計画立案,1
共通点,1
血便,1
遅れる,1
焦り,1
害する,1
